{"customer_id": "C8", "basket": [{"product_id": "P02", "price": 41}, {"product_id": "P03", "price": 1871}], "date_of_purchase": "2019-01-22 08:35:00"}
{"customer_id": "C9", "basket": [{"product_id": "P35", "price": 415}, {"product_id": "P39", "price": 1571}, {"product_id": "P37", "price": 94}], "date_of_purchase": "2019-01-22 22:30:00"}
{"customer_id": "C37", "basket": [{"product_id": "P37", "price": 693}], "date_of_purchase": "2019-01-22 17:31:00"}
{"customer_id": "C40", "basket": [{"product_id": "P52", "price": 712}], "date_of_purchase": "2019-01-22 02:49:00"}
{"customer_id": "C41", "basket": [{"product_id": "P55", "price": 1507}, {"product_id": "P59", "price": 622}, {"product_id": "P44", "price": 891}], "date_of_purchase": "2019-01-22 20:16:00"}
{"customer_id": "C51", "basket": [{"product_id": "P09", "price": 1590}, {"product_id": "P08", "price": 1877}, {"product_id": "P06", "price": 756}], "date_of_purchase": "2019-01-22 22:24:00"}
{"customer_id": "C71", "basket": [{"product_id": "P57", "price": 216}], "date_of_purchase": "2019-01-22 06:40:00"}
{"customer_id": "C84", "basket": [{"product_id": "P38", "price": 177}], "date_of_purchase": "2019-01-22 20:31:00"}
{"customer_id": "C87", "basket": [{"product_id": "P22", "price": 1831}], "date_of_purchase": "2019-01-22 22:15:00"}
{"customer_id": "C89", "basket": [{"product_id": "P42", "price": 615}, {"product_id": "P59", "price": 1471}, {"product_id": "P51", "price": 347}], "date_of_purchase": "2019-01-22 12:44:00"}
{"customer_id": "C94", "basket": [{"product_id": "P26", "price": 1212}, {"product_id": "P30", "price": 879}, {"product_id": "P31", "price": 484}], "date_of_purchase": "2019-01-22 09:59:00"}
{"customer_id": "C100", "basket": [{"product_id": "P04", "price": 1697}, {"product_id": "P04", "price": 1774}], "date_of_purchase": "2019-01-22 08:57:00"}
{"customer_id": "C102", "basket": [{"product_id": "P49", "price": 1684}, {"product_id": "P41", "price": 192}], "date_of_purchase": "2019-01-22 03:44:00"}
{"customer_id": "C103", "basket": [{"product_id": "P58", "price": 909}, {"product_id": "P52", "price": 1771}], "date_of_purchase": "2019-01-22 04:25:00"}
{"customer_id": "C104", "basket": [{"product_id": "P36", "price": 1454}], "date_of_purchase": "2019-01-22 20:13:00"}
{"customer_id": "C106", "basket": [{"product_id": "P34", "price": 1041}, {"product_id": "P26", "price": 1149}, {"product_id": "P33", "price": 1187}], "date_of_purchase": "2019-01-22 15:12:00"}
{"customer_id": "C109", "basket": [{"product_id": "P35", "price": 882}, {"product_id": "P35", "price": 1094}], "date_of_purchase": "2019-01-22 04:13:00"}
{"customer_id": "C113", "basket": [{"product_id": "P12", "price": 1535}], "date_of_purchase": "2019-01-22 12:52:00"}
{"customer_id": "C126", "basket": [{"product_id": "P44", "price": 1768}, {"product_id": "P52", "price": 1424}], "date_of_purchase": "2019-01-22 04:00:00"}
