{"customer_id": "C22", "basket": [{"product_id": "P29", "price": 1045}, {"product_id": "P34", "price": 966}, {"product_id": "P29", "price": 873}], "date_of_purchase": "2019-01-15 21:18:00"}
{"customer_id": "C28", "basket": [{"product_id": "P45", "price": 155}, {"product_id": "P60", "price": 1105}], "date_of_purchase": "2019-01-15 20:43:00"}
{"customer_id": "C36", "basket": [{"product_id": "P04", "price": 576}, {"product_id": "P02", "price": 1071}, {"product_id": "P09", "price": 221}], "date_of_purchase": "2019-01-15 21:22:00"}
{"customer_id": "C42", "basket": [{"product_id": "P01", "price": 1908}], "date_of_purchase": "2019-01-15 06:49:00"}
{"customer_id": "C58", "basket": [{"product_id": "P04", "price": 596}, {"product_id": "P05", "price": 1346}], "date_of_purchase": "2019-01-15 15:31:00"}
{"customer_id": "C60", "basket": [{"product_id": "P04", "price": 1551}], "date_of_purchase": "2019-01-15 20:52:00"}
{"customer_id": "C66", "basket": [{"product_id": "P26", "price": 1204}], "date_of_purchase": "2019-01-15 13:17:00"}
{"customer_id": "C67", "basket": [{"product_id": "P48", "price": 341}], "date_of_purchase": "2019-01-15 19:18:00"}
{"customer_id": "C73", "basket": [{"product_id": "P09", "price": 327}, {"product_id": "P02", "price": 608}], "date_of_purchase": "2019-01-15 19:06:00"}
{"customer_id": "C74", "basket": [{"product_id": "P35", "price": 1505}, {"product_id": "P36", "price": 1854}], "date_of_purchase": "2019-01-15 12:15:00"}
{"customer_id": "C75", "basket": [{"product_id": "P59", "price": 223}], "date_of_purchase": "2019-01-15 04:24:00"}
{"customer_id": "C87", "basket": [{"product_id": "P21", "price": 1489}, {"product_id": "P15", "price": 1076}, {"product_id": "P13", "price": 1717}], "date_of_purchase": "2019-01-15 03:57:00"}
{"customer_id": "C89", "basket": [{"product_id": "P45", "price": 1336}, {"product_id": "P50", "price": 488}], "date_of_purchase": "2019-01-15 07:22:00"}
{"customer_id": "C93", "basket": [{"product_id": "P06", "price": 371}], "date_of_purchase": "2019-01-15 22:22:00"}
{"customer_id": "C94", "basket": [{"product_id": "P26", "price": 209}], "date_of_purchase": "2019-01-15 23:31:00"}
{"customer_id": "C96", "basket": [{"product_id": "P37", "price": 1350}, {"product_id": "P36", "price": 1335}], "date_of_purchase": "2019-01-15 21:53:00"}
{"customer_id": "C103", "basket": [{"product_id": "P38", "price": 1272}, {"product_id": "P37", "price": 633}], "date_of_purchase": "2019-01-15 08:09:00"}
{"customer_id": "C105", "basket": [{"product_id": "P35", "price": 382}, {"product_id": "P39", "price": 78}, {"product_id": "P38", "price": 1026}], "date_of_purchase": "2019-01-15 21:19:00"}
{"customer_id": "C109", "basket": [{"product_id": "P44", "price": 1409}, {"product_id": "P53", "price": 1529}], "date_of_purchase": "2019-01-15 07:37:00"}
{"customer_id": "C111", "basket": [{"product_id": "P64", "price": 1058}, {"product_id": "P63", "price": 1700}, {"product_id": "P63", "price": 1764}], "date_of_purchase": "2019-01-15 21:44:00"}
{"customer_id": "C126", "basket": [{"product_id": "P47", "price": 846}, {"product_id": "P51", "price": 1053}, {"product_id": "P46", "price": 1200}], "date_of_purchase": "2019-01-15 19:36:00"}
{"customer_id": "C129", "basket": [{"product_id": "P62", "price": 1928}, {"product_id": "P62", "price": 142}], "date_of_purchase": "2019-01-15 16:01:00"}
