{"customer_id":"C4","loyalty_score":"5","product_id":"P40","product_category":"sweets","purchase_count":1}
{"customer_id":"C6","loyalty_score":"10","product_id":"P63","product_category":"bws","purchase_count":2}
{"customer_id":"C4","loyalty_score":"5","product_id":"P36","product_category":"sweets","purchase_count":1}
{"customer_id":"C4","loyalty_score":"5","product_id":"P35","product_category":"sweets","purchase_count":1}
{"customer_id":"C18","loyalty_score":"8","product_id":"P27","product_category":"fruit_veg","purchase_count":1}
{"customer_id":"C9","loyalty_score":"8","product_id":"P25","product_category":"fruit_veg","purchase_count":1}
{"customer_id":"C3","loyalty_score":"8","product_id":"P47","product_category":"food","purchase_count":1}
{"customer_id":"C12","loyalty_score":"8","product_id":"P22","product_category":"fruit_veg","purchase_count":1}
{"customer_id":"C3","loyalty_score":"8","product_id":"P41","product_category":"food","purchase_count":1}
{"customer_id":"C9","loyalty_score":"8","product_id":"P33","product_category":"fruit_veg","purchase_count":1}
{"customer_id":"C3","loyalty_score":"8","product_id":"P55","product_category":"food","purchase_count":1}
{"customer_id":"C9","loyalty_score":"8","product_id":"P08","product_category":"house","purchase_count":1}
{"customer_id":"C9","loyalty_score":"8","product_id":"P01","product_category":"house","purchase_count":1}
{"customer_id":"C9","loyalty_score":"8","product_id":"P03","product_category":"house","purchase_count":1}
