{"customer_id": "C4", "basket": [{"product_id": "P40", "price": 1198}, {"product_id": "P36", "price": 1646}, {"product_id": "P35", "price": 1406}], "date_of_purchase": "2019-02-02 13:47:00"}
{"customer_id": "C6", "basket": [{"product_id": "P35", "price": 348}], "date_of_purchase": "2019-02-02 21:50:00"}
{"customer_id": "C8", "basket": [{"product_id": "P05", "price": 1530}, {"product_id": "P09", "price": 208}, {"product_id": "P04", "price": 1045}], "date_of_purchase": "2019-02-02 16:06:00"}
{"customer_id": "C13", "basket": [{"product_id": "P42", "price": 69}, {"product_id": "P48", "price": 832}, {"product_id": "P55", "price": 140}], "date_of_purchase": "2019-02-02 16:54:00"}
{"customer_id": "C24", "basket": [{"product_id": "P61", "price": 468}, {"product_id": "P64", "price": 1986}], "date_of_purchase": "2019-02-02 06:53:00"}
{"customer_id": "C25", "basket": [{"product_id": "P64", "price": 498}, {"product_id": "P62", "price": 1752}, {"product_id": "P62", "price": 1921}], "date_of_purchase": "2019-02-02 04:10:00"}
{"customer_id": "C28", "basket": [{"product_id": "P31", "price": 975}], "date_of_purchase": "2019-02-02 06:30:00"}
{"customer_id": "C49", "basket": [{"product_id": "P45", "price": 118}], "date_of_purchase": "2019-02-02 11:29:00"}
{"customer_id": "C59", "basket": [{"product_id": "P62", "price": 316}], "date_of_purchase": "2019-02-02 21:54:00"}
{"customer_id": "C63", "basket": [{"product_id": "P40", "price": 1270}, {"product_id": "P36", "price": 302}], "date_of_purchase": "2019-02-02 22:26:00"}
{"customer_id": "C66", "basket": [{"product_id": "P38", "price": 556}], "date_of_purchase": "2019-02-02 05:42:00"}
{"customer_id": "C71", "basket": [{"product_id": "P24", "price": 1027}], "date_of_purchase": "2019-02-02 09:43:00"}
{"customer_id": "C73", "basket": [{"product_id": "P03", "price": 1866}], "date_of_purchase": "2019-02-02 07:51:00"}
{"customer_id": "C75", "basket": [{"product_id": "P54", "price": 1579}], "date_of_purchase": "2019-02-02 10:29:00"}
{"customer_id": "C78", "basket": [{"product_id": "P38", "price": 684}], "date_of_purchase": "2019-02-02 09:39:00"}
{"customer_id": "C81", "basket": [{"product_id": "P30", "price": 1200}, {"product_id": "P34", "price": 671}, {"product_id": "P29", "price": 220}], "date_of_purchase": "2019-02-02 22:38:00"}
{"customer_id": "C82", "basket": [{"product_id": "P39", "price": 268}, {"product_id": "P36", "price": 459}, {"product_id": "P37", "price": 1917}], "date_of_purchase": "2019-02-02 20:30:00"}
{"customer_id": "C89", "basket": [{"product_id": "P01", "price": 530}], "date_of_purchase": "2019-02-02 17:22:00"}
{"customer_id": "C92", "basket": [{"product_id": "P15", "price": 1978}, {"product_id": "P20", "price": 1071}, {"product_id": "P19", "price": 924}], "date_of_purchase": "2019-02-02 04:47:00"}
{"customer_id": "C93", "basket": [{"product_id": "P36", "price": 1835}, {"product_id": "P39", "price": 349}], "date_of_purchase": "2019-02-02 18:32:00"}
{"customer_id": "C103", "basket": [{"product_id": "P62", "price": 1521}, {"product_id": "P64", "price": 1033}], "date_of_purchase": "2019-02-02 08:41:00"}
{"customer_id": "C107", "basket": [{"product_id": "P01", "price": 1811}, {"product_id": "P09", "price": 647}, {"product_id": "P05", "price": 1057}], "date_of_purchase": "2019-02-02 13:19:00"}
{"customer_id": "C109", "basket": [{"product_id": "P52", "price": 1454}, {"product_id": "P51", "price": 1841}], "date_of_purchase": "2019-02-02 23:46:00"}
{"customer_id": "C113", "basket": [{"product_id": "P62", "price": 1600}], "date_of_purchase": "2019-02-02 15:28:00"}
{"customer_id": "C115", "basket": [{"product_id": "P06", "price": 950}, {"product_id": "P02", "price": 1565}, {"product_id": "P03", "price": 382}], "date_of_purchase": "2019-02-02 17:02:00"}
{"customer_id": "C123", "basket": [{"product_id": "P30", "price": 98}, {"product_id": "P33", "price": 1969}], "date_of_purchase": "2019-02-02 19:28:00"}
{"customer_id": "C124", "basket": [{"product_id": "P34", "price": 1904}, {"product_id": "P25", "price": 1062}, {"product_id": "P32", "price": 559}], "date_of_purchase": "2019-02-02 18:24:00"}
{"customer_id": "C125", "basket": [{"product_id": "P28", "price": 997}, {"product_id": "P32", "price": 1608}, {"product_id": "P24", "price": 1814}], "date_of_purchase": "2019-02-02 13:42:00"}
{"customer_id": "C130", "basket": [{"product_id": "P37", "price": 705}, {"product_id": "P40", "price": 1428}], "date_of_purchase": "2019-02-02 19:04:00"}
