{"customer_id": "C2", "basket": [{"product_id": "P35", "price": 485}], "date_of_purchase": "2018-12-20 04:08:00"}
{"customer_id": "C6", "basket": [{"product_id": "P39", "price": 110}], "date_of_purchase": "2018-12-20 22:01:00"}
{"customer_id": "C8", "basket": [{"product_id": "P09", "price": 1488}, {"product_id": "P07", "price": 738}], "date_of_purchase": "2018-12-20 03:27:00"}
{"customer_id": "C11", "basket": [{"product_id": "P22", "price": 187}, {"product_id": "P26", "price": 465}], "date_of_purchase": "2018-12-20 16:15:00"}
{"customer_id": "C25", "basket": [{"product_id": "P63", "price": 908}, {"product_id": "P61", "price": 1468}, {"product_id": "P62", "price": 1422}], "date_of_purchase": "2018-12-20 08:19:00"}
{"customer_id": "C29", "basket": [{"product_id": "P41", "price": 104}], "date_of_purchase": "2018-12-20 23:31:00"}
{"customer_id": "C37", "basket": [{"product_id": "P37", "price": 1667}, {"product_id": "P40", "price": 823}], "date_of_purchase": "2018-12-20 09:48:00"}
{"customer_id": "C48", "basket": [{"product_id": "P30", "price": 438}], "date_of_purchase": "2018-12-20 12:20:00"}
{"customer_id": "C51", "basket": [{"product_id": "P46", "price": 29}, {"product_id": "P50", "price": 1550}, {"product_id": "P54", "price": 1173}], "date_of_purchase": "2018-12-20 15:43:00"}
{"customer_id": "C52", "basket": [{"product_id": "P33", "price": 557}, {"product_id": "P32", "price": 969}], "date_of_purchase": "2018-12-20 13:49:00"}
{"customer_id": "C54", "basket": [{"product_id": "P37", "price": 207}], "date_of_purchase": "2018-12-20 13:18:00"}
{"customer_id": "C56", "basket": [{"product_id": "P35", "price": 139}, {"product_id": "P39", "price": 1559}, {"product_id": "P37", "price": 108}], "date_of_purchase": "2018-12-20 17:40:00"}
{"customer_id": "C62", "basket": [{"product_id": "P28", "price": 1653}, {"product_id": "P32", "price": 1642}], "date_of_purchase": "2018-12-20 15:07:00"}
{"customer_id": "C66", "basket": [{"product_id": "P40", "price": 1687}, {"product_id": "P38", "price": 810}], "date_of_purchase": "2018-12-20 12:37:00"}
{"customer_id": "C74", "basket": [{"product_id": "P37", "price": 1797}, {"product_id": "P38", "price": 1171}], "date_of_purchase": "2018-12-20 08:18:00"}
{"customer_id": "C75", "basket": [{"product_id": "P10", "price": 879}, {"product_id": "P07", "price": 1028}, {"product_id": "P03", "price": 251}], "date_of_purchase": "2018-12-20 17:41:00"}
{"customer_id": "C78", "basket": [{"product_id": "P46", "price": 1333}, {"product_id": "P43", "price": 1601}, {"product_id": "P44", "price": 1714}], "date_of_purchase": "2018-12-20 07:35:00"}
{"customer_id": "C84", "basket": [{"product_id": "P08", "price": 410}, {"product_id": "P05", "price": 1887}, {"product_id": "P11", "price": 163}], "date_of_purchase": "2018-12-20 14:56:00"}
{"customer_id": "C91", "basket": [{"product_id": "P64", "price": 769}, {"product_id": "P62", "price": 116}, {"product_id": "P63", "price": 1288}], "date_of_purchase": "2018-12-20 16:31:00"}
{"customer_id": "C93", "basket": [{"product_id": "P38", "price": 51}, {"product_id": "P38", "price": 1692}], "date_of_purchase": "2018-12-20 14:13:00"}
{"customer_id": "C94", "basket": [{"product_id": "P29", "price": 1623}], "date_of_purchase": "2018-12-20 16:23:00"}
{"customer_id": "C97", "basket": [{"product_id": "P11", "price": 412}, {"product_id": "P02", "price": 1713}, {"product_id": "P01", "price": 1000}], "date_of_purchase": "2018-12-20 17:45:00"}
{"customer_id": "C105", "basket": [{"product_id": "P38", "price": 375}, {"product_id": "P40", "price": 834}, {"product_id": "P36", "price": 1796}], "date_of_purchase": "2018-12-20 09:49:00"}
{"customer_id": "C113", "basket": [{"product_id": "P33", "price": 931}], "date_of_purchase": "2018-12-20 21:29:00"}
{"customer_id": "C114", "basket": [{"product_id": "P29", "price": 956}, {"product_id": "P26", "price": 786}, {"product_id": "P28", "price": 549}], "date_of_purchase": "2018-12-20 18:48:00"}
{"customer_id": "C118", "basket": [{"product_id": "P40", "price": 1456}, {"product_id": "P35", "price": 1938}], "date_of_purchase": "2018-12-20 19:14:00"}
{"customer_id": "C133", "basket": [{"product_id": "P23", "price": 1534}, {"product_id": "P27", "price": 473}], "date_of_purchase": "2018-12-20 21:38:00"}
{"customer_id": "C134", "basket": [{"product_id": "P36", "price": 730}], "date_of_purchase": "2018-12-20 14:04:00"}
{"customer_id": "C137", "basket": [{"product_id": "P64", "price": 1043}, {"product_id": "P63", "price": 1538}], "date_of_purchase": "2018-12-20 16:39:00"}
