{"customer_id": "C9", "basket": [{"product_id": "P37", "price": 468}, {"product_id": "P37", "price": 1177}, {"product_id": "P35", "price": 1925}], "date_of_purchase": "2019-01-18 17:19:00"}
{"customer_id": "C28", "basket": [{"product_id": "P51", "price": 1695}], "date_of_purchase": "2019-01-18 04:41:00"}
{"customer_id": "C29", "basket": [{"product_id": "P63", "price": 1606}], "date_of_purchase": "2019-01-18 17:58:00"}
{"customer_id": "C33", "basket": [{"product_id": "P64", "price": 151}, {"product_id": "P62", "price": 849}, {"product_id": "P61", "price": 381}], "date_of_purchase": "2019-01-18 18:37:00"}
{"customer_id": "C34", "basket": [{"product_id": "P60", "price": 865}, {"product_id": "P56", "price": 1490}, {"product_id": "P48", "price": 1238}], "date_of_purchase": "2019-01-18 02:48:00"}
{"customer_id": "C36", "basket": [{"product_id": "P55", "price": 1324}, {"product_id": "P51", "price": 1915}], "date_of_purchase": "2019-01-18 19:38:00"}
{"customer_id": "C40", "basket": [{"product_id": "P54", "price": 291}, {"product_id": "P55", "price": 1810}, {"product_id": "P41", "price": 470}], "date_of_purchase": "2019-01-18 09:16:00"}
{"customer_id": "C44", "basket": [{"product_id": "P14", "price": 568}, {"product_id": "P15", "price": 222}, {"product_id": "P18", "price": 190}], "date_of_purchase": "2019-01-18 09:09:00"}
{"customer_id": "C48", "basket": [{"product_id": "P05", "price": 1425}, {"product_id": "P07", "price": 1406}], "date_of_purchase": "2019-01-18 17:56:00"}
{"customer_id": "C49", "basket": [{"product_id": "P10", "price": 639}], "date_of_purchase": "2019-01-18 15:36:00"}
{"customer_id": "C58", "basket": [{"product_id": "P08", "price": 19}], "date_of_purchase": "2019-01-18 09:02:00"}
{"customer_id": "C67", "basket": [{"product_id": "P40", "price": 1546}, {"product_id": "P38", "price": 265}], "date_of_purchase": "2019-01-18 08:20:00"}
{"customer_id": "C71", "basket": [{"product_id": "P28", "price": 1178}, {"product_id": "P30", "price": 38}, {"product_id": "P22", "price": 862}], "date_of_purchase": "2019-01-18 16:57:00"}
{"customer_id": "C73", "basket": [{"product_id": "P37", "price": 492}], "date_of_purchase": "2019-01-18 14:09:00"}
{"customer_id": "C74", "basket": [{"product_id": "P36", "price": 1565}, {"product_id": "P39", "price": 1479}, {"product_id": "P37", "price": 749}], "date_of_purchase": "2019-01-18 07:08:00"}
{"customer_id": "C81", "basket": [{"product_id": "P30", "price": 1546}, {"product_id": "P26", "price": 467}, {"product_id": "P33", "price": 1671}], "date_of_purchase": "2019-01-18 14:30:00"}
{"customer_id": "C83", "basket": [{"product_id": "P40", "price": 818}, {"product_id": "P35", "price": 1434}, {"product_id": "P35", "price": 646}], "date_of_purchase": "2019-01-18 12:51:00"}
{"customer_id": "C84", "basket": [{"product_id": "P04", "price": 232}, {"product_id": "P04", "price": 1157}], "date_of_purchase": "2019-01-18 07:18:00"}
{"customer_id": "C89", "basket": [{"product_id": "P55", "price": 779}, {"product_id": "P45", "price": 253}], "date_of_purchase": "2019-01-18 15:35:00"}
{"customer_id": "C100", "basket": [{"product_id": "P06", "price": 407}, {"product_id": "P11", "price": 1346}, {"product_id": "P04", "price": 1560}], "date_of_purchase": "2019-01-18 19:07:00"}
{"customer_id": "C102", "basket": [{"product_id": "P24", "price": 1870}, {"product_id": "P24", "price": 965}, {"product_id": "P34", "price": 682}], "date_of_purchase": "2019-01-18 23:06:00"}
{"customer_id": "C111", "basket": [{"product_id": "P23", "price": 64}, {"product_id": "P26", "price": 1971}, {"product_id": "P31", "price": 879}], "date_of_purchase": "2019-01-18 05:15:00"}
{"customer_id": "C112", "basket": [{"product_id": "P64", "price": 22}], "date_of_purchase": "2019-01-18 23:52:00"}
{"customer_id": "C118", "basket": [{"product_id": "P24", "price": 1123}], "date_of_purchase": "2019-01-18 13:58:00"}
