{"customer_id": "C8", "basket": [{"product_id": "P01", "price": 1133}], "date_of_purchase": "2019-01-12 07:38:00"}
{"customer_id": "C10", "basket": [{"product_id": "P01", "price": 280}, {"product_id": "P09", "price": 1625}], "date_of_purchase": "2019-01-12 06:07:00"}
{"customer_id": "C13", "basket": [{"product_id": "P64", "price": 1514}], "date_of_purchase": "2019-01-12 10:31:00"}
{"customer_id": "C15", "basket": [{"product_id": "P03", "price": 401}, {"product_id": "P06", "price": 1270}, {"product_id": "P12", "price": 257}], "date_of_purchase": "2019-01-12 18:18:00"}
{"customer_id": "C20", "basket": [{"product_id": "P54", "price": 124}], "date_of_purchase": "2019-01-12 07:04:00"}
{"customer_id": "C24", "basket": [{"product_id": "P39", "price": 1385}], "date_of_purchase": "2019-01-12 21:18:00"}
{"customer_id": "C33", "basket": [{"product_id": "P06", "price": 686}, {"product_id": "P07", "price": 344}, {"product_id": "P03", "price": 507}], "date_of_purchase": "2019-01-12 11:29:00"}
{"customer_id": "C44", "basket": [{"product_id": "P35", "price": 783}], "date_of_purchase": "2019-01-12 22:25:00"}
{"customer_id": "C58", "basket": [{"product_id": "P61", "price": 349}], "date_of_purchase": "2019-01-12 05:45:00"}
{"customer_id": "C64", "basket": [{"product_id": "P12", "price": 1197}, {"product_id": "P09", "price": 5}, {"product_id": "P08", "price": 1015}], "date_of_purchase": "2019-01-12 20:33:00"}
{"customer_id": "C66", "basket": [{"product_id": "P36", "price": 165}, {"product_id": "P38", "price": 784}], "date_of_purchase": "2019-01-12 22:04:00"}
{"customer_id": "C78", "basket": [{"product_id": "P38", "price": 92}, {"product_id": "P38", "price": 249}, {"product_id": "P35", "price": 430}], "date_of_purchase": "2019-01-12 18:00:00"}
{"customer_id": "C79", "basket": [{"product_id": "P32", "price": 1099}, {"product_id": "P33", "price": 380}], "date_of_purchase": "2019-01-12 15:39:00"}
{"customer_id": "C85", "basket": [{"product_id": "P37", "price": 1922}, {"product_id": "P37", "price": 1087}], "date_of_purchase": "2019-01-12 04:12:00"}
{"customer_id": "C86", "basket": [{"product_id": "P61", "price": 1834}, {"product_id": "P64", "price": 1136}, {"product_id": "P61", "price": 1300}], "date_of_purchase": "2019-01-12 13:24:00"}
{"customer_id": "C91", "basket": [{"product_id": "P61", "price": 559}], "date_of_purchase": "2019-01-12 07:17:00"}
{"customer_id": "C94", "basket": [{"product_id": "P24", "price": 588}], "date_of_purchase": "2019-01-12 12:52:00"}
{"customer_id": "C99", "basket": [{"product_id": "P54", "price": 700}], "date_of_purchase": "2019-01-12 04:09:00"}
{"customer_id": "C106", "basket": [{"product_id": "P35", "price": 1611}, {"product_id": "P39", "price": 575}], "date_of_purchase": "2019-01-12 05:56:00"}
{"customer_id": "C109", "basket": [{"product_id": "P39", "price": 1473}, {"product_id": "P39", "price": 1449}, {"product_id": "P35", "price": 1519}], "date_of_purchase": "2019-01-12 13:21:00"}
{"customer_id": "C121", "basket": [{"product_id": "P33", "price": 992}, {"product_id": "P30", "price": 1748}], "date_of_purchase": "2019-01-12 06:53:00"}
{"customer_id": "C128", "basket": [{"product_id": "P42", "price": 9}, {"product_id": "P53", "price": 1123}], "date_of_purchase": "2019-01-12 06:21:00"}
{"customer_id": "C134", "basket": [{"product_id": "P39", "price": 1468}], "date_of_purchase": "2019-01-12 11:36:00"}
