{"customer_id": "C11", "basket": [{"product_id": "P27", "price": 669}], "date_of_purchase": "2019-01-03 07:39:00"}
{"customer_id": "C12", "basket": [{"product_id": "P07", "price": 105}, {"product_id": "P04", "price": 1167}], "date_of_purchase": "2019-01-03 09:46:00"}
{"customer_id": "C16", "basket": [{"product_id": "P35", "price": 1653}], "date_of_purchase": "2019-01-03 05:42:00"}
{"customer_id": "C37", "basket": [{"product_id": "P35", "price": 430}, {"product_id": "P40", "price": 1931}, {"product_id": "P40", "price": 251}], "date_of_purchase": "2019-01-03 19:26:00"}
{"customer_id": "C38", "basket": [{"product_id": "P39", "price": 467}, {"product_id": "P40", "price": 526}, {"product_id": "P35", "price": 57}], "date_of_purchase": "2019-01-03 13:27:00"}
{"customer_id": "C39", "basket": [{"product_id": "P63", "price": 1796}, {"product_id": "P64", "price": 622}], "date_of_purchase": "2019-01-03 13:39:00"}
{"customer_id": "C52", "basket": [{"product_id": "P30", "price": 104}, {"product_id": "P23", "price": 1027}], "date_of_purchase": "2019-01-03 12:07:00"}
{"customer_id": "C56", "basket": [{"product_id": "P33", "price": 806}, {"product_id": "P34", "price": 836}, {"product_id": "P24", "price": 1955}], "date_of_purchase": "2019-01-03 04:28:00"}
{"customer_id": "C59", "basket": [{"product_id": "P38", "price": 76}], "date_of_purchase": "2019-01-03 11:21:00"}
{"customer_id": "C69", "basket": [{"product_id": "P56", "price": 759}, {"product_id": "P49", "price": 1355}, {"product_id": "P41", "price": 745}], "date_of_purchase": "2019-01-03 06:02:00"}
{"customer_id": "C76", "basket": [{"product_id": "P30", "price": 297}], "date_of_purchase": "2019-01-03 10:28:00"}
{"customer_id": "C83", "basket": [{"product_id": "P05", "price": 361}], "date_of_purchase": "2019-01-03 06:13:00"}
{"customer_id": "C84", "basket": [{"product_id": "P36", "price": 939}], "date_of_purchase": "2019-01-03 09:30:00"}
{"customer_id": "C89", "basket": [{"product_id": "P11", "price": 1607}, {"product_id": "P11", "price": 1483}], "date_of_purchase": "2019-01-03 20:45:00"}
{"customer_id": "C97", "basket": [{"product_id": "P58", "price": 1869}, {"product_id": "P50", "price": 428}, {"product_id": "P60", "price": 1477}], "date_of_purchase": "2019-01-03 04:03:00"}
{"customer_id": "C100", "basket": [{"product_id": "P12", "price": 1467}, {"product_id": "P08", "price": 281}, {"product_id": "P04", "price": 1359}], "date_of_purchase": "2019-01-03 05:43:00"}
{"customer_id": "C103", "basket": [{"product_id": "P58", "price": 1785}, {"product_id": "P42", "price": 1100}], "date_of_purchase": "2019-01-03 08:27:00"}
{"customer_id": "C105", "basket": [{"product_id": "P36", "price": 1860}, {"product_id": "P37", "price": 1327}, {"product_id": "P37", "price": 864}], "date_of_purchase": "2019-01-03 13:47:00"}
{"customer_id": "C111", "basket": [{"product_id": "P37", "price": 806}], "date_of_purchase": "2019-01-03 05:25:00"}
{"customer_id": "C113", "basket": [{"product_id": "P25", "price": 102}, {"product_id": "P29", "price": 1040}, {"product_id": "P25", "price": 1407}], "date_of_purchase": "2019-01-03 21:25:00"}
{"customer_id": "C117", "basket": [{"product_id": "P10", "price": 1621}, {"product_id": "P12", "price": 421}, {"product_id": "P02", "price": 752}], "date_of_purchase": "2019-01-03 21:08:00"}
{"customer_id": "C133", "basket": [{"product_id": "P36", "price": 1693}, {"product_id": "P36", "price": 1606}], "date_of_purchase": "2019-01-03 16:34:00"}
{"customer_id": "C137", "basket": [{"product_id": "P62", "price": 1184}], "date_of_purchase": "2019-01-03 22:58:00"}
