{"customer_id": "C7", "basket": [{"product_id": "P60", "price": 401}, {"product_id": "P51", "price": 1639}], "date_of_purchase": "2019-01-26 03:13:00"}
{"customer_id": "C9", "basket": [{"product_id": "P23", "price": 1153}], "date_of_purchase": "2019-01-26 14:59:00"}
{"customer_id": "C13", "basket": [{"product_id": "P27", "price": 1760}, {"product_id": "P27", "price": 926}, {"product_id": "P24", "price": 1344}], "date_of_purchase": "2019-01-26 15:06:00"}
{"customer_id": "C27", "basket": [{"product_id": "P35", "price": 84}, {"product_id": "P39", "price": 1488}], "date_of_purchase": "2019-01-26 20:33:00"}
{"customer_id": "C28", "basket": [{"product_id": "P25", "price": 701}, {"product_id": "P33", "price": 3}], "date_of_purchase": "2019-01-26 21:38:00"}
{"customer_id": "C30", "basket": [{"product_id": "P64", "price": 1272}, {"product_id": "P64", "price": 1249}], "date_of_purchase": "2019-01-26 22:09:00"}
{"customer_id": "C55", "basket": [{"product_id": "P59", "price": 485}, {"product_id": "P54", "price": 793}], "date_of_purchase": "2019-01-26 04:43:00"}
{"customer_id": "C56", "basket": [{"product_id": "P40", "price": 1949}], "date_of_purchase": "2019-01-26 14:39:00"}
{"customer_id": "C58", "basket": [{"product_id": "P05", "price": 912}, {"product_id": "P12", "price": 413}], "date_of_purchase": "2019-01-26 11:23:00"}
{"customer_id": "C63", "basket": [{"product_id": "P60", "price": 280}, {"product_id": "P48", "price": 812}, {"product_id": "P50", "price": 639}], "date_of_purchase": "2019-01-26 22:34:00"}
{"customer_id": "C72", "basket": [{"product_id": "P53", "price": 1364}, {"product_id": "P47", "price": 1794}, {"product_id": "P42", "price": 159}], "date_of_purchase": "2019-01-26 04:00:00"}
{"customer_id": "C91", "basket": [{"product_id": "P37", "price": 619}], "date_of_purchase": "2019-01-26 19:44:00"}
{"customer_id": "C113", "basket": [{"product_id": "P62", "price": 1977}], "date_of_purchase": "2019-01-26 04:03:00"}
{"customer_id": "C115", "basket": [{"product_id": "P30", "price": 1166}, {"product_id": "P31", "price": 857}, {"product_id": "P29", "price": 1468}], "date_of_purchase": "2019-01-26 17:35:00"}
{"customer_id": "C118", "basket": [{"product_id": "P33", "price": 544}, {"product_id": "P24", "price": 1455}, {"product_id": "P33", "price": 493}], "date_of_purchase": "2019-01-26 12:49:00"}
{"customer_id": "C120", "basket": [{"product_id": "P34", "price": 1121}], "date_of_purchase": "2019-01-26 05:31:00"}
{"customer_id": "C126", "basket": [{"product_id": "P55", "price": 1140}], "date_of_purchase": "2019-01-26 19:28:00"}
{"customer_id": "C127", "basket": [{"product_id": "P32", "price": 879}, {"product_id": "P24", "price": 1177}, {"product_id": "P23", "price": 340}], "date_of_purchase": "2019-01-26 06:55:00"}
{"customer_id": "C134", "basket": [{"product_id": "P35", "price": 1367}], "date_of_purchase": "2019-01-26 03:13:00"}
{"customer_id": "C136", "basket": [{"product_id": "P25", "price": 1792}, {"product_id": "P27", "price": 761}, {"product_id": "P25", "price": 148}], "date_of_purchase": "2019-01-26 16:59:00"}
{"customer_id": "C137", "basket": [{"product_id": "P63", "price": 880}, {"product_id": "P63", "price": 1301}, {"product_id": "P63", "price": 1228}], "date_of_purchase": "2019-01-26 10:19:00"}
