{"customer_id": "C15", "basket": [{"product_id": "P26", "price": 1628}], "date_of_purchase": "2019-02-21 04:25:00"}
{"customer_id": "C26", "basket": [{"product_id": "P17", "price": 451}, {"product_id": "P14", "price": 454}, {"product_id": "P17", "price": 1471}], "date_of_purchase": "2019-02-21 06:13:00"}
{"customer_id": "C45", "basket": [{"product_id": "P05", "price": 1703}, {"product_id": "P06", "price": 256}], "date_of_purchase": "2019-02-21 16:36:00"}
{"customer_id": "C49", "basket": [{"product_id": "P52", "price": 1301}, {"product_id": "P53", "price": 440}], "date_of_purchase": "2019-02-21 12:39:00"}
{"customer_id": "C58", "basket": [{"product_id": "P36", "price": 523}, {"product_id": "P38", "price": 864}], "date_of_purchase": "2019-02-21 08:52:00"}
{"customer_id": "C61", "basket": [{"product_id": "P04", "price": 1199}, {"product_id": "P07", "price": 159}], "date_of_purchase": "2019-02-21 11:05:00"}
{"customer_id": "C62", "basket": [{"product_id": "P14", "price": 1708}, {"product_id": "P20", "price": 1736}], "date_of_purchase": "2019-02-21 12:48:00"}
{"customer_id": "C64", "basket": [{"product_id": "P17", "price": 128}, {"product_id": "P13", "price": 1508}, {"product_id": "P18", "price": 1647}], "date_of_purchase": "2019-02-21 10:42:00"}
{"customer_id": "C73", "basket": [{"product_id": "P38", "price": 536}], "date_of_purchase": "2019-02-21 12:43:00"}
{"customer_id": "C74", "basket": [{"product_id": "P37", "price": 1875}, {"product_id": "P40", "price": 972}], "date_of_purchase": "2019-02-21 20:58:00"}
{"customer_id": "C75", "basket": [{"product_id": "P50", "price": 1999}, {"product_id": "P54", "price": 1204}], "date_of_purchase": "2019-02-21 04:28:00"}
{"customer_id": "C78", "basket": [{"product_id": "P54", "price": 818}, {"product_id": "P49", "price": 695}, {"product_id": "P42", "price": 203}], "date_of_purchase": "2019-02-21 07:32:00"}
{"customer_id": "C84", "basket": [{"product_id": "P12", "price": 251}, {"product_id": "P08", "price": 787}], "date_of_purchase": "2019-02-21 18:49:00"}
{"customer_id": "C91", "basket": [{"product_id": "P63", "price": 1000}, {"product_id": "P63", "price": 1374}, {"product_id": "P63", "price": 498}], "date_of_purchase": "2019-02-21 18:55:00"}
{"customer_id": "C97", "basket": [{"product_id": "P07", "price": 155}, {"product_id": "P04", "price": 62}, {"product_id": "P12", "price": 1873}], "date_of_purchase": "2019-02-21 08:48:00"}
{"customer_id": "C103", "basket": [{"product_id": "P53", "price": 607}, {"product_id": "P50", "price": 1668}], "date_of_purchase": "2019-02-21 18:53:00"}
{"customer_id": "C104", "basket": [{"product_id": "P35", "price": 1896}, {"product_id": "P37", "price": 1708}], "date_of_purchase": "2019-02-21 21:23:00"}
{"customer_id": "C117", "basket": [{"product_id": "P08", "price": 1681}], "date_of_purchase": "2019-02-21 11:55:00"}
{"customer_id": "C119", "basket": [{"product_id": "P26", "price": 1984}, {"product_id": "P23", "price": 326}, {"product_id": "P31", "price": 298}], "date_of_purchase": "2019-02-21 15:19:00"}
{"customer_id": "C125", "basket": [{"product_id": "P26", "price": 1914}, {"product_id": "P32", "price": 1324}], "date_of_purchase": "2019-02-21 04:31:00"}
