{"customer_id":"C7","loyalty_score":"3","product_id":"P41","product_category":"food","purchase_count":1}
{"customer_id":"C9","loyalty_score":"8","product_id":"P36","product_category":"sweets","purchase_count":1}
{"customer_id":"C6","loyalty_score":"10","product_id":"P63","product_category":"bws","purchase_count":1}
{"customer_id":"C6","loyalty_score":"10","product_id":"P64","product_category":"bws","purchase_count":2}
{"customer_id":"C9","loyalty_score":"8","product_id":"P40","product_category":"sweets","purchase_count":1}
{"customer_id":"C11","loyalty_score":"4","product_id":"P27","product_category":"fruit_veg","purchase_count":1}
{"customer_id":"C2","loyalty_score":"4","product_id":"P09","product_category":"house","purchase_count":1}
{"customer_id":"C2","loyalty_score":"4","product_id":"P21","product_category":"clothes","purchase_count":1}
{"customer_id":"C2","loyalty_score":"4","product_id":"P06","product_category":"house","purchase_count":1}
{"customer_id":"C9","loyalty_score":"8","product_id":"P11","product_category":"house","purchase_count":1}
