{"customer_id": "C6", "basket": [{"product_id": "P64", "price": 470}, {"product_id": "P63", "price": 1878}, {"product_id": "P64", "price": 957}], "date_of_purchase": "2019-01-04 08:44:00"}
{"customer_id": "C7", "basket": [{"product_id": "P48", "price": 1184}], "date_of_purchase": "2019-01-04 02:49:00"}
{"customer_id": "C9", "basket": [{"product_id": "P37", "price": 289}, {"product_id": "P36", "price": 71}, {"product_id": "P38", "price": 1191}], "date_of_purchase": "2019-01-04 20:15:00"}
{"customer_id": "C10", "basket": [{"product_id": "P38", "price": 370}, {"product_id": "P36", "price": 21}], "date_of_purchase": "2019-01-04 07:16:00"}
{"customer_id": "C20", "basket": [{"product_id": "P22", "price": 1657}], "date_of_purchase": "2019-01-04 12:19:00"}
{"customer_id": "C23", "basket": [{"product_id": "P05", "price": 1597}], "date_of_purchase": "2019-01-04 15:53:00"}
{"customer_id": "C25", "basket": [{"product_id": "P61", "price": 1358}], "date_of_purchase": "2019-01-04 21:56:00"}
{"customer_id": "C27", "basket": [{"product_id": "P36", "price": 170}, {"product_id": "P37", "price": 726}, {"product_id": "P39", "price": 702}], "date_of_purchase": "2019-01-04 04:54:00"}
{"customer_id": "C39", "basket": [{"product_id": "P04", "price": 323}, {"product_id": "P03", "price": 60}], "date_of_purchase": "2019-01-04 12:11:00"}
{"customer_id": "C44", "basket": [{"product_id": "P21", "price": 1478}, {"product_id": "P17", "price": 258}, {"product_id": "P19", "price": 1006}], "date_of_purchase": "2019-01-04 06:54:00"}
{"customer_id": "C49", "basket": [{"product_id": "P39", "price": 1421}, {"product_id": "P36", "price": 1896}, {"product_id": "P36", "price": 1014}], "date_of_purchase": "2019-01-04 04:13:00"}
{"customer_id": "C52", "basket": [{"product_id": "P29", "price": 1224}, {"product_id": "P26", "price": 1947}, {"product_id": "P31", "price": 1909}], "date_of_purchase": "2019-01-04 05:20:00"}
{"customer_id": "C68", "basket": [{"product_id": "P48", "price": 1574}], "date_of_purchase": "2019-01-04 19:03:00"}
{"customer_id": "C70", "basket": [{"product_id": "P01", "price": 40}, {"product_id": "P04", "price": 1649}], "date_of_purchase": "2019-01-04 03:24:00"}
{"customer_id": "C81", "basket": [{"product_id": "P29", "price": 1093}], "date_of_purchase": "2019-01-04 19:21:00"}
{"customer_id": "C82", "basket": [{"product_id": "P07", "price": 1954}], "date_of_purchase": "2019-01-04 07:11:00"}
{"customer_id": "C90", "basket": [{"product_id": "P54", "price": 887}, {"product_id": "P45", "price": 293}, {"product_id": "P57", "price": 728}], "date_of_purchase": "2019-01-04 14:21:00"}
{"customer_id": "C91", "basket": [{"product_id": "P39", "price": 1549}, {"product_id": "P35", "price": 231}], "date_of_purchase": "2019-01-04 12:56:00"}
{"customer_id": "C97", "basket": [{"product_id": "P09", "price": 264}, {"product_id": "P12", "price": 1850}], "date_of_purchase": "2019-01-04 17:42:00"}
{"customer_id": "C100", "basket": [{"product_id": "P11", "price": 1070}], "date_of_purchase": "2019-01-04 08:28:00"}
{"customer_id": "C108", "basket": [{"product_id": "P60", "price": 1899}, {"product_id": "P53", "price": 224}, {"product_id": "P52", "price": 778}], "date_of_purchase": "2019-01-04 19:35:00"}
{"customer_id": "C109", "basket": [{"product_id": "P50", "price": 1083}, {"product_id": "P48", "price": 1891}], "date_of_purchase": "2019-01-04 21:42:00"}
{"customer_id": "C113", "basket": [{"product_id": "P64", "price": 525}], "date_of_purchase": "2019-01-04 04:06:00"}
{"customer_id": "C123", "basket": [{"product_id": "P34", "price": 1584}, {"product_id": "P22", "price": 1967}], "date_of_purchase": "2019-01-04 11:15:00"}
{"customer_id": "C125", "basket": [{"product_id": "P23", "price": 1305}, {"product_id": "P24", "price": 493}], "date_of_purchase": "2019-01-04 18:56:00"}
{"customer_id": "C134", "basket": [{"product_id": "P36", "price": 847}, {"product_id": "P35", "price": 501}, {"product_id": "P37", "price": 436}], "date_of_purchase": "2019-01-04 03:54:00"}
