{"customer_id": "C1", "basket": [{"product_id": "P50", "price": 742}, {"product_id": "P51", "price": 1838}, {"product_id": "P47", "price": 678}], "date_of_purchase": "2018-12-25 10:48:00"}
{"customer_id": "C5", "basket": [{"product_id": "P30", "price": 1436}, {"product_id": "P23", "price": 1173}, {"product_id": "P28", "price": 1916}], "date_of_purchase": "2018-12-25 09:13:00"}
{"customer_id": "C6", "basket": [{"product_id": "P51", "price": 1170}, {"product_id": "P49", "price": 249}, {"product_id": "P49", "price": 1968}], "date_of_purchase": "2018-12-25 04:44:00"}
{"customer_id": "C8", "basket": [{"product_id": "P01", "price": 478}, {"product_id": "P08", "price": 745}], "date_of_purchase": "2018-12-25 11:02:00"}
{"customer_id": "C9", "basket": [{"product_id": "P62", "price": 72}], "date_of_purchase": "2018-12-25 17:28:00"}
{"customer_id": "C11", "basket": [{"product_id": "P35", "price": 340}, {"product_id": "P35", "price": 1945}, {"product_id": "P36", "price": 1244}], "date_of_purchase": "2018-12-25 12:29:00"}
{"customer_id": "C12", "basket": [{"product_id": "P08", "price": 1795}, {"product_id": "P12", "price": 785}, {"product_id": "P12", "price": 254}], "date_of_purchase": "2018-12-25 09:43:00"}
{"customer_id": "C13", "basket": [{"product_id": "P26", "price": 53}, {"product_id": "P26", "price": 567}], "date_of_purchase": "2018-12-25 20:50:00"}
{"customer_id": "C25", "basket": [{"product_id": "P61", "price": 1434}, {"product_id": "P61", "price": 43}, {"product_id": "P61", "price": 1454}], "date_of_purchase": "2018-12-25 06:31:00"}
{"customer_id": "C30", "basket": [{"product_id": "P43", "price": 264}], "date_of_purchase": "2018-12-25 22:46:00"}
{"customer_id": "C35", "basket": [{"product_id": "P10", "price": 1790}, {"product_id": "P10", "price": 210}], "date_of_purchase": "2018-12-25 15:52:00"}
{"customer_id": "C41", "basket": [{"product_id": "P44", "price": 834}, {"product_id": "P48", "price": 1237}], "date_of_purchase": "2018-12-25 14:53:00"}
{"customer_id": "C50", "basket": [{"product_id": "P31", "price": 941}, {"product_id": "P29", "price": 1753}], "date_of_purchase": "2018-12-25 10:36:00"}
{"customer_id": "C59", "basket": [{"product_id": "P37", "price": 1731}, {"product_id": "P36", "price": 265}, {"product_id": "P38", "price": 1335}], "date_of_purchase": "2018-12-25 16:42:00"}
{"customer_id": "C63", "basket": [{"product_id": "P38", "price": 1962}, {"product_id": "P36", "price": 1643}], "date_of_purchase": "2018-12-25 05:14:00"}
{"customer_id": "C67", "basket": [{"product_id": "P33", "price": 1263}, {"product_id": "P24", "price": 1421}, {"product_id": "P33", "price": 545}], "date_of_purchase": "2018-12-25 03:29:00"}
{"customer_id": "C73", "basket": [{"product_id": "P36", "price": 993}, {"product_id": "P35", "price": 766}, {"product_id": "P36", "price": 448}], "date_of_purchase": "2018-12-25 12:25:00"}
{"customer_id": "C74", "basket": [{"product_id": "P38", "price": 1965}, {"product_id": "P37", "price": 24}], "date_of_purchase": "2018-12-25 17:15:00"}
{"customer_id": "C75", "basket": [{"product_id": "P53", "price": 88}], "date_of_purchase": "2018-12-25 05:22:00"}
{"customer_id": "C76", "basket": [{"product_id": "P30", "price": 1096}, {"product_id": "P23", "price": 698}, {"product_id": "P25", "price": 1971}], "date_of_purchase": "2018-12-25 18:58:00"}
{"customer_id": "C79", "basket": [{"product_id": "P38", "price": 191}, {"product_id": "P35", "price": 576}, {"product_id": "P35", "price": 321}], "date_of_purchase": "2018-12-25 09:37:00"}
{"customer_id": "C84", "basket": [{"product_id": "P02", "price": 1743}], "date_of_purchase": "2018-12-25 10:40:00"}
{"customer_id": "C86", "basket": [{"product_id": "P62", "price": 580}, {"product_id": "P61", "price": 326}], "date_of_purchase": "2018-12-25 09:09:00"}
{"customer_id": "C96", "basket": [{"product_id": "P33", "price": 981}], "date_of_purchase": "2018-12-25 05:23:00"}
{"customer_id": "C100", "basket": [{"product_id": "P08", "price": 772}, {"product_id": "P01", "price": 370}, {"product_id": "P02", "price": 894}], "date_of_purchase": "2018-12-25 11:32:00"}
{"customer_id": "C102", "basket": [{"product_id": "P32", "price": 1646}, {"product_id": "P24", "price": 1479}, {"product_id": "P24", "price": 1473}], "date_of_purchase": "2018-12-25 21:19:00"}
{"customer_id": "C104", "basket": [{"product_id": "P38", "price": 1519}], "date_of_purchase": "2018-12-25 10:37:00"}
{"customer_id": "C105", "basket": [{"product_id": "P54", "price": 1012}], "date_of_purchase": "2018-12-25 07:21:00"}
{"customer_id": "C119", "basket": [{"product_id": "P26", "price": 962}], "date_of_purchase": "2018-12-25 22:34:00"}
{"customer_id": "C122", "basket": [{"product_id": "P32", "price": 766}], "date_of_purchase": "2018-12-25 14:04:00"}
{"customer_id": "C127", "basket": [{"product_id": "P09", "price": 921}, {"product_id": "P09", "price": 1566}, {"product_id": "P03", "price": 1898}], "date_of_purchase": "2018-12-25 16:29:00"}
{"customer_id": "C128", "basket": [{"product_id": "P49", "price": 418}], "date_of_purchase": "2018-12-25 06:47:00"}
{"customer_id": "C132", "basket": [{"product_id": "P35", "price": 915}, {"product_id": "P39", "price": 832}, {"product_id": "P40", "price": 1635}], "date_of_purchase": "2018-12-25 07:35:00"}
