{"customer_id": "C5", "basket": [{"product_id": "P28", "price": 937}, {"product_id": "P31", "price": 1053}], "date_of_purchase": "2019-02-08 03:43:00"}
{"customer_id": "C7", "basket": [{"product_id": "P56", "price": 1918}, {"product_id": "P41", "price": 733}], "date_of_purchase": "2019-02-08 03:18:00"}
{"customer_id": "C8", "basket": [{"product_id": "P07", "price": 1339}, {"product_id": "P04", "price": 799}, {"product_id": "P05", "price": 931}], "date_of_purchase": "2019-02-08 23:58:00"}
{"customer_id": "C9", "basket": [{"product_id": "P35", "price": 1329}, {"product_id": "P40", "price": 1568}], "date_of_purchase": "2019-02-08 09:30:00"}
{"customer_id": "C18", "basket": [{"product_id": "P37", "price": 643}], "date_of_purchase": "2019-02-08 15:58:00"}
{"customer_id": "C42", "basket": [{"product_id": "P40", "price": 1093}, {"product_id": "P35", "price": 1635}, {"product_id": "P38", "price": 262}], "date_of_purchase": "2019-02-08 16:07:00"}
{"customer_id": "C57", "basket": [{"product_id": "P30", "price": 211}], "date_of_purchase": "2019-02-08 12:25:00"}
{"customer_id": "C58", "basket": [{"product_id": "P62", "price": 1223}, {"product_id": "P64", "price": 445}], "date_of_purchase": "2019-02-08 06:21:00"}
{"customer_id": "C71", "basket": [{"product_id": "P50", "price": 1897}], "date_of_purchase": "2019-02-08 11:20:00"}
{"customer_id": "C76", "basket": [{"product_id": "P30", "price": 1595}], "date_of_purchase": "2019-02-08 23:53:00"}
{"customer_id": "C77", "basket": [{"product_id": "P50", "price": 1245}, {"product_id": "P43", "price": 1796}, {"product_id": "P56", "price": 813}], "date_of_purchase": "2019-02-08 18:51:00"}
{"customer_id": "C93", "basket": [{"product_id": "P04", "price": 312}, {"product_id": "P02", "price": 1394}, {"product_id": "P01", "price": 801}], "date_of_purchase": "2019-02-08 11:58:00"}
{"customer_id": "C99", "basket": [{"product_id": "P64", "price": 825}, {"product_id": "P61", "price": 1414}, {"product_id": "P63", "price": 367}], "date_of_purchase": "2019-02-08 12:45:00"}
{"customer_id": "C104", "basket": [{"product_id": "P35", "price": 1412}], "date_of_purchase": "2019-02-08 22:16:00"}
{"customer_id": "C126", "basket": [{"product_id": "P53", "price": 1995}, {"product_id": "P60", "price": 36}, {"product_id": "P49", "price": 1326}], "date_of_purchase": "2019-02-08 15:55:00"}
{"customer_id": "C127", "basket": [{"product_id": "P42", "price": 1384}, {"product_id": "P60", "price": 1314}], "date_of_purchase": "2019-02-08 16:42:00"}
