{"customer_id": "C4", "basket": [{"product_id": "P42", "price": 692}, {"product_id": "P44", "price": 1507}, {"product_id": "P52", "price": 408}], "date_of_purchase": "2019-02-06 13:37:00"}
{"customer_id": "C8", "basket": [{"product_id": "P02", "price": 1497}], "date_of_purchase": "2019-02-06 08:28:00"}
{"customer_id": "C24", "basket": [{"product_id": "P12", "price": 1253}, {"product_id": "P10", "price": 809}], "date_of_purchase": "2019-02-06 12:50:00"}
{"customer_id": "C30", "basket": [{"product_id": "P40", "price": 1164}], "date_of_purchase": "2019-02-06 07:55:00"}
{"customer_id": "C36", "basket": [{"product_id": "P06", "price": 1916}], "date_of_purchase": "2019-02-06 03:00:00"}
{"customer_id": "C47", "basket": [{"product_id": "P18", "price": 761}, {"product_id": "P18", "price": 297}, {"product_id": "P18", "price": 1848}], "date_of_purchase": "2019-02-06 20:50:00"}
{"customer_id": "C50", "basket": [{"product_id": "P08", "price": 1494}], "date_of_purchase": "2019-02-06 16:32:00"}
{"customer_id": "C65", "basket": [{"product_id": "P53", "price": 414}, {"product_id": "P55", "price": 1812}, {"product_id": "P50", "price": 124}], "date_of_purchase": "2019-02-06 15:31:00"}
{"customer_id": "C75", "basket": [{"product_id": "P50", "price": 1641}, {"product_id": "P42", "price": 1296}, {"product_id": "P57", "price": 448}], "date_of_purchase": "2019-02-06 03:25:00"}
{"customer_id": "C78", "basket": [{"product_id": "P41", "price": 404}], "date_of_purchase": "2019-02-06 18:34:00"}
{"customer_id": "C81", "basket": [{"product_id": "P33", "price": 1827}, {"product_id": "P30", "price": 125}], "date_of_purchase": "2019-02-06 14:15:00"}
{"customer_id": "C84", "basket": [{"product_id": "P03", "price": 1057}, {"product_id": "P12", "price": 1760}, {"product_id": "P07", "price": 398}], "date_of_purchase": "2019-02-06 22:11:00"}
{"customer_id": "C89", "basket": [{"product_id": "P03", "price": 835}, {"product_id": "P12", "price": 937}], "date_of_purchase": "2019-02-06 19:45:00"}
{"customer_id": "C99", "basket": [{"product_id": "P61", "price": 1936}, {"product_id": "P64", "price": 1305}, {"product_id": "P62", "price": 1680}], "date_of_purchase": "2019-02-06 05:45:00"}
{"customer_id": "C100", "basket": [{"product_id": "P40", "price": 1990}], "date_of_purchase": "2019-02-06 23:54:00"}
{"customer_id": "C128", "basket": [{"product_id": "P54", "price": 906}], "date_of_purchase": "2019-02-06 05:48:00"}
