{"customer_id": "C2", "basket": [{"product_id": "P14", "price": 1988}], "date_of_purchase": "2019-02-17 21:04:00"}
{"customer_id": "C6", "basket": [{"product_id": "P45", "price": 1931}, {"product_id": "P57", "price": 567}], "date_of_purchase": "2019-02-17 20:35:00"}
{"customer_id": "C16", "basket": [{"product_id": "P40", "price": 623}, {"product_id": "P36", "price": 1903}, {"product_id": "P39", "price": 1234}], "date_of_purchase": "2019-02-17 02:55:00"}
{"customer_id": "C24", "basket": [{"product_id": "P38", "price": 1463}], "date_of_purchase": "2019-02-17 16:11:00"}
{"customer_id": "C30", "basket": [{"product_id": "P25", "price": 396}, {"product_id": "P26", "price": 1823}, {"product_id": "P31", "price": 1364}], "date_of_purchase": "2019-02-17 18:18:00"}
{"customer_id": "C31", "basket": [{"product_id": "P45", "price": 1982}], "date_of_purchase": "2019-02-17 18:07:00"}
{"customer_id": "C38", "basket": [{"product_id": "P40", "price": 284}], "date_of_purchase": "2019-02-17 15:09:00"}
{"customer_id": "C40", "basket": [{"product_id": "P55", "price": 1257}, {"product_id": "P45", "price": 1855}, {"product_id": "P56", "price": 42}], "date_of_purchase": "2019-02-17 12:53:00"}
{"customer_id": "C44", "basket": [{"product_id": "P40", "price": 543}, {"product_id": "P38", "price": 1492}, {"product_id": "P36", "price": 153}], "date_of_purchase": "2019-02-17 16:58:00"}
{"customer_id": "C52", "basket": [{"product_id": "P31", "price": 1778}, {"product_id": "P34", "price": 1855}, {"product_id": "P28", "price": 949}], "date_of_purchase": "2019-02-17 13:35:00"}
{"customer_id": "C60", "basket": [{"product_id": "P55", "price": 1330}, {"product_id": "P46", "price": 1599}, {"product_id": "P42", "price": 1446}], "date_of_purchase": "2019-02-17 08:56:00"}
{"customer_id": "C69", "basket": [{"product_id": "P36", "price": 431}], "date_of_purchase": "2019-02-17 15:52:00"}
{"customer_id": "C73", "basket": [{"product_id": "P04", "price": 1487}], "date_of_purchase": "2019-02-17 13:49:00"}
{"customer_id": "C74", "basket": [{"product_id": "P38", "price": 919}], "date_of_purchase": "2019-02-17 14:54:00"}
{"customer_id": "C91", "basket": [{"product_id": "P26", "price": 1871}, {"product_id": "P22", "price": 968}], "date_of_purchase": "2019-02-17 18:31:00"}
{"customer_id": "C93", "basket": [{"product_id": "P08", "price": 947}], "date_of_purchase": "2019-02-17 19:26:00"}
{"customer_id": "C109", "basket": [{"product_id": "P37", "price": 1123}], "date_of_purchase": "2019-02-17 21:48:00"}
{"customer_id": "C115", "basket": [{"product_id": "P43", "price": 414}], "date_of_purchase": "2019-02-17 19:43:00"}
{"customer_id": "C127", "basket": [{"product_id": "P09", "price": 1261}, {"product_id": "P02", "price": 655}], "date_of_purchase": "2019-02-17 08:01:00"}
{"customer_id": "C131", "basket": [{"product_id": "P10", "price": 1577}, {"product_id": "P11", "price": 549}, {"product_id": "P07", "price": 1167}], "date_of_purchase": "2019-02-17 19:11:00"}
{"customer_id": "C134", "basket": [{"product_id": "P38", "price": 1242}, {"product_id": "P40", "price": 1816}, {"product_id": "P37", "price": 1760}], "date_of_purchase": "2019-02-17 05:22:00"}
