{"customer_id": "C14", "basket": [{"product_id": "P33", "price": 745}, {"product_id": "P30", "price": 313}, {"product_id": "P28", "price": 36}], "date_of_purchase": "2018-12-08 17:41:00"}
{"customer_id": "C18", "basket": [{"product_id": "P05", "price": 152}], "date_of_purchase": "2018-12-08 10:18:00"}
{"customer_id": "C27", "basket": [{"product_id": "P39", "price": 1788}, {"product_id": "P35", "price": 1238}], "date_of_purchase": "2018-12-08 16:48:00"}
{"customer_id": "C29", "basket": [{"product_id": "P41", "price": 1658}, {"product_id": "P45", "price": 1626}], "date_of_purchase": "2018-12-08 23:25:00"}
{"customer_id": "C33", "basket": [{"product_id": "P47", "price": 260}], "date_of_purchase": "2018-12-08 04:34:00"}
{"customer_id": "C34", "basket": [{"product_id": "P59", "price": 1101}, {"product_id": "P57", "price": 1406}], "date_of_purchase": "2018-12-08 09:22:00"}
{"customer_id": "C42", "basket": [{"product_id": "P02", "price": 1065}], "date_of_purchase": "2018-12-08 07:44:00"}
{"customer_id": "C45", "basket": [{"product_id": "P36", "price": 1215}, {"product_id": "P37", "price": 1333}], "date_of_purchase": "2018-12-08 22:17:00"}
{"customer_id": "C49", "basket": [{"product_id": "P53", "price": 1006}, {"product_id": "P44", "price": 1370}], "date_of_purchase": "2018-12-08 02:54:00"}
{"customer_id": "C52", "basket": [{"product_id": "P31", "price": 1822}, {"product_id": "P24", "price": 354}, {"product_id": "P33", "price": 97}], "date_of_purchase": "2018-12-08 15:27:00"}
{"customer_id": "C57", "basket": [{"product_id": "P38", "price": 1532}, {"product_id": "P36", "price": 737}, {"product_id": "P37", "price": 779}], "date_of_purchase": "2018-12-08 14:36:00"}
{"customer_id": "C65", "basket": [{"product_id": "P38", "price": 502}], "date_of_purchase": "2018-12-08 14:10:00"}
{"customer_id": "C66", "basket": [{"product_id": "P39", "price": 5}, {"product_id": "P37", "price": 869}], "date_of_purchase": "2018-12-08 18:40:00"}
{"customer_id": "C69", "basket": [{"product_id": "P48", "price": 1265}], "date_of_purchase": "2018-12-08 15:38:00"}
{"customer_id": "C71", "basket": [{"product_id": "P35", "price": 617}, {"product_id": "P35", "price": 704}], "date_of_purchase": "2018-12-08 17:26:00"}
{"customer_id": "C72", "basket": [{"product_id": "P56", "price": 1478}], "date_of_purchase": "2018-12-08 16:19:00"}
{"customer_id": "C83", "basket": [{"product_id": "P38", "price": 1937}, {"product_id": "P39", "price": 1055}, {"product_id": "P36", "price": 806}], "date_of_purchase": "2018-12-08 09:43:00"}
{"customer_id": "C85", "basket": [{"product_id": "P43", "price": 1351}], "date_of_purchase": "2018-12-08 21:39:00"}
{"customer_id": "C93", "basket": [{"product_id": "P12", "price": 464}, {"product_id": "P03", "price": 17}, {"product_id": "P05", "price": 1295}], "date_of_purchase": "2018-12-08 07:43:00"}
{"customer_id": "C100", "basket": [{"product_id": "P36", "price": 622}], "date_of_purchase": "2018-12-08 16:39:00"}
{"customer_id": "C103", "basket": [{"product_id": "P64", "price": 1215}, {"product_id": "P63", "price": 1740}, {"product_id": "P64", "price": 797}], "date_of_purchase": "2018-12-08 19:33:00"}
{"customer_id": "C120", "basket": [{"product_id": "P36", "price": 426}, {"product_id": "P38", "price": 71}, {"product_id": "P37", "price": 381}], "date_of_purchase": "2018-12-08 10:52:00"}
{"customer_id": "C125", "basket": [{"product_id": "P36", "price": 414}, {"product_id": "P38", "price": 1640}], "date_of_purchase": "2018-12-08 06:28:00"}
{"customer_id": "C131", "basket": [{"product_id": "P64", "price": 1081}, {"product_id": "P62", "price": 1176}, {"product_id": "P62", "price": 1704}], "date_of_purchase": "2018-12-08 07:11:00"}
{"customer_id": "C133", "basket": [{"product_id": "P30", "price": 1613}, {"product_id": "P32", "price": 1312}], "date_of_purchase": "2018-12-08 16:18:00"}
