{"customer_id": "C5", "basket": [{"product_id": "P24", "price": 586}, {"product_id": "P23", "price": 1499}], "date_of_purchase": "2019-02-18 18:25:00"}
{"customer_id": "C6", "basket": [{"product_id": "P55", "price": 731}, {"product_id": "P55", "price": 1563}, {"product_id": "P50", "price": 105}], "date_of_purchase": "2019-02-18 21:19:00"}
{"customer_id": "C7", "basket": [{"product_id": "P53", "price": 1004}, {"product_id": "P52", "price": 1315}], "date_of_purchase": "2019-02-18 10:11:00"}
{"customer_id": "C13", "basket": [{"product_id": "P61", "price": 908}], "date_of_purchase": "2019-02-18 20:26:00"}
{"customer_id": "C16", "basket": [{"product_id": "P45", "price": 1037}, {"product_id": "P58", "price": 427}, {"product_id": "P45", "price": 970}], "date_of_purchase": "2019-02-18 23:07:00"}
{"customer_id": "C27", "basket": [{"product_id": "P35", "price": 984}], "date_of_purchase": "2019-02-18 03:37:00"}
{"customer_id": "C42", "basket": [{"product_id": "P35", "price": 1168}, {"product_id": "P37", "price": 290}], "date_of_purchase": "2019-02-18 16:47:00"}
{"customer_id": "C49", "basket": [{"product_id": "P47", "price": 445}], "date_of_purchase": "2019-02-18 17:40:00"}
{"customer_id": "C51", "basket": [{"product_id": "P62", "price": 1910}], "date_of_purchase": "2019-02-18 19:47:00"}
{"customer_id": "C52", "basket": [{"product_id": "P25", "price": 78}, {"product_id": "P34", "price": 1745}, {"product_id": "P22", "price": 1010}], "date_of_purchase": "2019-02-18 22:35:00"}
{"customer_id": "C55", "basket": [{"product_id": "P52", "price": 476}, {"product_id": "P55", "price": 1454}], "date_of_purchase": "2019-02-18 18:13:00"}
{"customer_id": "C57", "basket": [{"product_id": "P30", "price": 1303}], "date_of_purchase": "2019-02-18 22:54:00"}
{"customer_id": "C71", "basket": [{"product_id": "P50", "price": 197}, {"product_id": "P47", "price": 1792}, {"product_id": "P43", "price": 1146}], "date_of_purchase": "2019-02-18 22:36:00"}
{"customer_id": "C74", "basket": [{"product_id": "P37", "price": 1191}, {"product_id": "P40", "price": 768}], "date_of_purchase": "2019-02-18 03:14:00"}
{"customer_id": "C84", "basket": [{"product_id": "P40", "price": 1378}], "date_of_purchase": "2019-02-18 15:41:00"}
{"customer_id": "C89", "basket": [{"product_id": "P04", "price": 993}], "date_of_purchase": "2019-02-18 23:14:00"}
{"customer_id": "C102", "basket": [{"product_id": "P27", "price": 1826}, {"product_id": "P33", "price": 1596}, {"product_id": "P30", "price": 753}], "date_of_purchase": "2019-02-18 16:59:00"}
{"customer_id": "C105", "basket": [{"product_id": "P52", "price": 1577}, {"product_id": "P51", "price": 458}, {"product_id": "P58", "price": 790}], "date_of_purchase": "2019-02-18 09:19:00"}
{"customer_id": "C109", "basket": [{"product_id": "P44", "price": 1974}, {"product_id": "P56", "price": 1972}, {"product_id": "P42", "price": 127}], "date_of_purchase": "2019-02-18 19:38:00"}
{"customer_id": "C117", "basket": [{"product_id": "P05", "price": 1903}, {"product_id": "P12", "price": 389}], "date_of_purchase": "2019-02-18 09:20:00"}
{"customer_id": "C120", "basket": [{"product_id": "P40", "price": 557}, {"product_id": "P35", "price": 1190}], "date_of_purchase": "2019-02-18 11:28:00"}
{"customer_id": "C137", "basket": [{"product_id": "P62", "price": 699}, {"product_id": "P63", "price": 379}], "date_of_purchase": "2019-02-18 14:47:00"}
