{"customer_id":"C6","loyalty_score":"10","product_id":"P35","product_category":"sweets","purchase_count":1}
{"customer_id":"C6","loyalty_score":"10","product_id":"P38","product_category":"sweets","purchase_count":1}
{"customer_id":"C6","loyalty_score":"10","product_id":"P39","product_category":"sweets","purchase_count":1}
{"customer_id":"C14","loyalty_score":"3","product_id":"P32","product_category":"fruit_veg","purchase_count":1}
{"customer_id":"C2","loyalty_score":"4","product_id":"P07","product_category":"house","purchase_count":1}
{"customer_id":"C5","loyalty_score":"7","product_id":"P31","product_category":"fruit_veg","purchase_count":1}
{"customer_id":"C5","loyalty_score":"7","product_id":"P23","product_category":"fruit_veg","purchase_count":1}
{"customer_id":"C14","loyalty_score":"3","product_id":"P29","product_category":"fruit_veg","purchase_count":1}
{"customer_id":"C1","loyalty_score":"7","product_id":"P07","product_category":"house","purchase_count":1}
{"customer_id":"C5","loyalty_score":"7","product_id":"P28","product_category":"fruit_veg","purchase_count":1}
{"customer_id":"C7","loyalty_score":"3","product_id":"P50","product_category":"food","purchase_count":1}
{"customer_id":"C6","loyalty_score":"10","product_id":"P46","product_category":"food","purchase_count":1}
{"customer_id":"C7","loyalty_score":"3","product_id":"P46","product_category":"food","purchase_count":1}
{"customer_id":"C7","loyalty_score":"3","product_id":"P44","product_category":"food","purchase_count":1}
