{"customer_id":"C2","loyalty_score":"4","product_id":"P20","product_category":"clothes","purchase_count":1}
{"customer_id":"C2","loyalty_score":"4","product_id":"P15","product_category":"clothes","purchase_count":1}
{"customer_id":"C2","loyalty_score":"4","product_id":"P18","product_category":"clothes","purchase_count":1}
{"customer_id":"C7","loyalty_score":"3","product_id":"P60","product_category":"food","purchase_count":1}
{"customer_id":"C7","loyalty_score":"3","product_id":"P51","product_category":"food","purchase_count":1}
{"customer_id":"C2","loyalty_score":"4","product_id":"P36","product_category":"sweets","purchase_count":1}
{"customer_id":"C2","loyalty_score":"4","product_id":"P37","product_category":"sweets","purchase_count":1}
{"customer_id":"C4","loyalty_score":"5","product_id":"P29","product_category":"fruit_veg","purchase_count":1}
{"customer_id":"C8","loyalty_score":"7","product_id":"P03","product_category":"house","purchase_count":1}
{"customer_id":"C8","loyalty_score":"7","product_id":"P02","product_category":"house","purchase_count":1}
{"customer_id":"C3","loyalty_score":"8","product_id":"P51","product_category":"food","purchase_count":1}
