{"customer_id": "C3", "basket": [{"product_id": "P46", "price": 1080}, {"product_id": "P54", "price": 219}], "date_of_purchase": "2018-12-27 11:54:00"}
{"customer_id": "C9", "basket": [{"product_id": "P26", "price": 33}, {"product_id": "P33", "price": 1451}], "date_of_purchase": "2018-12-27 08:03:00"}
{"customer_id": "C10", "basket": [{"product_id": "P35", "price": 1675}, {"product_id": "P35", "price": 723}], "date_of_purchase": "2018-12-27 20:37:00"}
{"customer_id": "C11", "basket": [{"product_id": "P30", "price": 1066}], "date_of_purchase": "2018-12-27 10:45:00"}
{"customer_id": "C12", "basket": [{"product_id": "P16", "price": 1}, {"product_id": "P14", "price": 1137}], "date_of_purchase": "2018-12-27 22:46:00"}
{"customer_id": "C20", "basket": [{"product_id": "P26", "price": 955}, {"product_id": "P22", "price": 1884}], "date_of_purchase": "2018-12-27 07:15:00"}
{"customer_id": "C21", "basket": [{"product_id": "P09", "price": 640}, {"product_id": "P02", "price": 1198}, {"product_id": "P12", "price": 443}], "date_of_purchase": "2018-12-27 06:08:00"}
{"customer_id": "C22", "basket": [{"product_id": "P25", "price": 1051}, {"product_id": "P27", "price": 1217}, {"product_id": "P31", "price": 1579}], "date_of_purchase": "2018-12-27 19:40:00"}
{"customer_id": "C42", "basket": [{"product_id": "P01", "price": 1026}, {"product_id": "P02", "price": 366}, {"product_id": "P11", "price": 92}], "date_of_purchase": "2018-12-27 04:17:00"}
{"customer_id": "C52", "basket": [{"product_id": "P25", "price": 1316}], "date_of_purchase": "2018-12-27 03:09:00"}
{"customer_id": "C54", "basket": [{"product_id": "P37", "price": 1417}], "date_of_purchase": "2018-12-27 11:42:00"}
{"customer_id": "C59", "basket": [{"product_id": "P53", "price": 101}], "date_of_purchase": "2018-12-27 05:53:00"}
{"customer_id": "C73", "basket": [{"product_id": "P35", "price": 107}], "date_of_purchase": "2018-12-27 08:57:00"}
{"customer_id": "C87", "basket": [{"product_id": "P22", "price": 868}, {"product_id": "P25", "price": 389}, {"product_id": "P30", "price": 1831}], "date_of_purchase": "2018-12-27 21:00:00"}
{"customer_id": "C91", "basket": [{"product_id": "P64", "price": 1348}], "date_of_purchase": "2018-12-27 10:40:00"}
{"customer_id": "C102", "basket": [{"product_id": "P58", "price": 1223}, {"product_id": "P52", "price": 783}, {"product_id": "P47", "price": 748}], "date_of_purchase": "2018-12-27 07:44:00"}
{"customer_id": "C109", "basket": [{"product_id": "P02", "price": 1670}, {"product_id": "P03", "price": 131}, {"product_id": "P02", "price": 1143}], "date_of_purchase": "2018-12-27 07:00:00"}
{"customer_id": "C122", "basket": [{"product_id": "P27", "price": 268}], "date_of_purchase": "2018-12-27 07:30:00"}
{"customer_id": "C123", "basket": [{"product_id": "P34", "price": 1793}], "date_of_purchase": "2018-12-27 06:20:00"}
{"customer_id": "C134", "basket": [{"product_id": "P36", "price": 355}, {"product_id": "P35", "price": 1624}], "date_of_purchase": "2018-12-27 15:37:00"}
