{"customer_id": "C6", "basket": [{"product_id": "P62", "price": 774}], "date_of_purchase": "2019-02-04 09:02:00"}
{"customer_id": "C12", "basket": [{"product_id": "P18", "price": 1711}, {"product_id": "P14", "price": 225}, {"product_id": "P20", "price": 519}], "date_of_purchase": "2019-02-04 11:43:00"}
{"customer_id": "C13", "basket": [{"product_id": "P61", "price": 132}], "date_of_purchase": "2019-02-04 19:16:00"}
{"customer_id": "C25", "basket": [{"product_id": "P62", "price": 1475}, {"product_id": "P62", "price": 1529}], "date_of_purchase": "2019-02-04 14:16:00"}
{"customer_id": "C32", "basket": [{"product_id": "P63", "price": 1236}, {"product_id": "P62", "price": 370}, {"product_id": "P62", "price": 446}], "date_of_purchase": "2019-02-04 17:40:00"}
{"customer_id": "C42", "basket": [{"product_id": "P01", "price": 1282}, {"product_id": "P07", "price": 932}, {"product_id": "P05", "price": 250}], "date_of_purchase": "2019-02-04 09:56:00"}
{"customer_id": "C48", "basket": [{"product_id": "P35", "price": 546}, {"product_id": "P37", "price": 1704}, {"product_id": "P40", "price": 703}], "date_of_purchase": "2019-02-04 09:22:00"}
{"customer_id": "C52", "basket": [{"product_id": "P29", "price": 285}, {"product_id": "P28", "price": 357}], "date_of_purchase": "2019-02-04 23:04:00"}
{"customer_id": "C59", "basket": [{"product_id": "P51", "price": 1208}, {"product_id": "P47", "price": 237}, {"product_id": "P56", "price": 431}], "date_of_purchase": "2019-02-04 06:35:00"}
{"customer_id": "C68", "basket": [{"product_id": "P36", "price": 261}, {"product_id": "P35", "price": 355}, {"product_id": "P40", "price": 178}], "date_of_purchase": "2019-02-04 12:42:00"}
{"customer_id": "C71", "basket": [{"product_id": "P29", "price": 809}, {"product_id": "P25", "price": 1274}], "date_of_purchase": "2019-02-04 20:25:00"}
{"customer_id": "C75", "basket": [{"product_id": "P60", "price": 1729}], "date_of_purchase": "2019-02-04 03:50:00"}
{"customer_id": "C78", "basket": [{"product_id": "P50", "price": 1632}, {"product_id": "P47", "price": 1201}, {"product_id": "P52", "price": 1707}], "date_of_purchase": "2019-02-04 23:56:00"}
{"customer_id": "C82", "basket": [{"product_id": "P40", "price": 1848}, {"product_id": "P35", "price": 851}, {"product_id": "P40", "price": 1469}], "date_of_purchase": "2019-02-04 22:35:00"}
{"customer_id": "C84", "basket": [{"product_id": "P07", "price": 1310}, {"product_id": "P10", "price": 728}], "date_of_purchase": "2019-02-04 15:32:00"}
{"customer_id": "C85", "basket": [{"product_id": "P38", "price": 817}, {"product_id": "P37", "price": 387}, {"product_id": "P35", "price": 965}], "date_of_purchase": "2019-02-04 11:56:00"}
{"customer_id": "C93", "basket": [{"product_id": "P50", "price": 1652}, {"product_id": "P59", "price": 113}], "date_of_purchase": "2019-02-04 20:57:00"}
{"customer_id": "C99", "basket": [{"product_id": "P48", "price": 91}], "date_of_purchase": "2019-02-04 22:57:00"}
{"customer_id": "C103", "basket": [{"product_id": "P64", "price": 1733}, {"product_id": "P62", "price": 327}, {"product_id": "P63", "price": 1752}], "date_of_purchase": "2019-02-04 15:16:00"}
{"customer_id": "C117", "basket": [{"product_id": "P04", "price": 617}, {"product_id": "P06", "price": 1058}, {"product_id": "P10", "price": 1527}], "date_of_purchase": "2019-02-04 18:56:00"}
{"customer_id": "C119", "basket": [{"product_id": "P61", "price": 1300}, {"product_id": "P61", "price": 580}], "date_of_purchase": "2019-02-04 04:52:00"}
{"customer_id": "C122", "basket": [{"product_id": "P33", "price": 178}], "date_of_purchase": "2019-02-04 14:37:00"}
{"customer_id": "C131", "basket": [{"product_id": "P62", "price": 1972}, {"product_id": "P62", "price": 603}, {"product_id": "P61", "price": 5}], "date_of_purchase": "2019-02-04 10:14:00"}
{"customer_id": "C134", "basket": [{"product_id": "P37", "price": 991}], "date_of_purchase": "2019-02-04 11:17:00"}
{"customer_id": "C137", "basket": [{"product_id": "P64", "price": 102}], "date_of_purchase": "2019-02-04 04:20:00"}
