{"customer_id": "C3", "basket": [{"product_id": "P51", "price": 282}], "date_of_purchase": "2019-01-25 05:33:00"}
{"customer_id": "C11", "basket": [{"product_id": "P40", "price": 1820}, {"product_id": "P38", "price": 1901}, {"product_id": "P38", "price": 1410}], "date_of_purchase": "2019-01-25 10:52:00"}
{"customer_id": "C26", "basket": [{"product_id": "P50", "price": 370}, {"product_id": "P49", "price": 235}], "date_of_purchase": "2019-01-25 04:05:00"}
{"customer_id": "C29", "basket": [{"product_id": "P02", "price": 49}, {"product_id": "P09", "price": 373}, {"product_id": "P02", "price": 373}], "date_of_purchase": "2019-01-25 04:05:00"}
{"customer_id": "C40", "basket": [{"product_id": "P59", "price": 1264}, {"product_id": "P60", "price": 1487}, {"product_id": "P46", "price": 943}], "date_of_purchase": "2019-01-25 05:33:00"}
{"customer_id": "C51", "basket": [{"product_id": "P05", "price": 352}, {"product_id": "P05", "price": 1430}, {"product_id": "P08", "price": 1754}], "date_of_purchase": "2019-01-25 08:26:00"}
{"customer_id": "C58", "basket": [{"product_id": "P01", "price": 611}], "date_of_purchase": "2019-01-25 08:42:00"}
{"customer_id": "C60", "basket": [{"product_id": "P08", "price": 1537}], "date_of_purchase": "2019-01-25 08:51:00"}
{"customer_id": "C74", "basket": [{"product_id": "P40", "price": 138}, {"product_id": "P40", "price": 1259}], "date_of_purchase": "2019-01-25 06:17:00"}
{"customer_id": "C90", "basket": [{"product_id": "P37", "price": 873}, {"product_id": "P39", "price": 1603}, {"product_id": "P35", "price": 1910}], "date_of_purchase": "2019-01-25 07:52:00"}
{"customer_id": "C100", "basket": [{"product_id": "P39", "price": 1699}], "date_of_purchase": "2019-01-25 11:58:00"}
{"customer_id": "C103", "basket": [{"product_id": "P50", "price": 553}, {"product_id": "P60", "price": 1914}, {"product_id": "P57", "price": 698}], "date_of_purchase": "2019-01-25 21:23:00"}
{"customer_id": "C106", "basket": [{"product_id": "P10", "price": 472}, {"product_id": "P07", "price": 249}, {"product_id": "P12", "price": 934}], "date_of_purchase": "2019-01-25 13:40:00"}
{"customer_id": "C109", "basket": [{"product_id": "P38", "price": 1734}, {"product_id": "P35", "price": 1016}, {"product_id": "P35", "price": 1186}], "date_of_purchase": "2019-01-25 23:01:00"}
{"customer_id": "C120", "basket": [{"product_id": "P39", "price": 375}, {"product_id": "P38", "price": 417}], "date_of_purchase": "2019-01-25 04:25:00"}
{"customer_id": "C121", "basket": [{"product_id": "P35", "price": 525}, {"product_id": "P35", "price": 4}, {"product_id": "P37", "price": 610}], "date_of_purchase": "2019-01-25 19:21:00"}
{"customer_id": "C126", "basket": [{"product_id": "P59", "price": 733}, {"product_id": "P54", "price": 330}, {"product_id": "P51", "price": 1897}], "date_of_purchase": "2019-01-25 09:05:00"}
{"customer_id": "C131", "basket": [{"product_id": "P11", "price": 1543}, {"product_id": "P06", "price": 809}], "date_of_purchase": "2019-01-25 16:50:00"}
