{"customer_id": "C6", "basket": [{"product_id": "P40", "price": 1295}], "date_of_purchase": "2019-02-16 08:57:00"}
{"customer_id": "C12", "basket": [{"product_id": "P07", "price": 95}, {"product_id": "P07", "price": 548}], "date_of_purchase": "2019-02-16 08:14:00"}
{"customer_id": "C21", "basket": [{"product_id": "P12", "price": 1057}], "date_of_purchase": "2019-02-16 19:54:00"}
{"customer_id": "C32", "basket": [{"product_id": "P62", "price": 14}, {"product_id": "P64", "price": 926}], "date_of_purchase": "2019-02-16 21:17:00"}
{"customer_id": "C33", "basket": [{"product_id": "P56", "price": 1937}], "date_of_purchase": "2019-02-16 15:55:00"}
{"customer_id": "C47", "basket": [{"product_id": "P15", "price": 97}], "date_of_purchase": "2019-02-16 11:05:00"}
{"customer_id": "C52", "basket": [{"product_id": "P28", "price": 1358}], "date_of_purchase": "2019-02-16 18:30:00"}
{"customer_id": "C57", "basket": [{"product_id": "P22", "price": 206}, {"product_id": "P27", "price": 212}, {"product_id": "P31", "price": 1298}], "date_of_purchase": "2019-02-16 06:06:00"}
{"customer_id": "C68", "basket": [{"product_id": "P59", "price": 91}], "date_of_purchase": "2019-02-16 14:53:00"}
{"customer_id": "C81", "basket": [{"product_id": "P27", "price": 497}, {"product_id": "P28", "price": 1492}], "date_of_purchase": "2019-02-16 12:20:00"}
{"customer_id": "C89", "basket": [{"product_id": "P47", "price": 665}], "date_of_purchase": "2019-02-16 15:41:00"}
{"customer_id": "C90", "basket": [{"product_id": "P39", "price": 1624}], "date_of_purchase": "2019-02-16 06:49:00"}
{"customer_id": "C99", "basket": [{"product_id": "P64", "price": 1667}, {"product_id": "P62", "price": 1834}], "date_of_purchase": "2019-02-16 17:28:00"}
{"customer_id": "C109", "basket": [{"product_id": "P39", "price": 1781}, {"product_id": "P40", "price": 742}], "date_of_purchase": "2019-02-16 21:14:00"}
{"customer_id": "C115", "basket": [{"product_id": "P06", "price": 853}], "date_of_purchase": "2019-02-16 10:47:00"}
{"customer_id": "C119", "basket": [{"product_id": "P36", "price": 1255}, {"product_id": "P38", "price": 1803}, {"product_id": "P35", "price": 178}], "date_of_purchase": "2019-02-16 16:40:00"}
{"customer_id": "C124", "basket": [{"product_id": "P51", "price": 861}, {"product_id": "P60", "price": 1122}, {"product_id": "P43", "price": 1411}], "date_of_purchase": "2019-02-16 08:35:00"}
{"customer_id": "C134", "basket": [{"product_id": "P37", "price": 1831}, {"product_id": "P40", "price": 1344}], "date_of_purchase": "2019-02-16 12:20:00"}
{"customer_id": "C137", "basket": [{"product_id": "P64", "price": 1543}], "date_of_purchase": "2019-02-16 18:54:00"}
