{"customer_id": "C6", "basket": [{"product_id": "P38", "price": 1117}, {"product_id": "P35", "price": 1610}, {"product_id": "P39", "price": 1233}], "date_of_purchase": "2018-12-14 06:26:00"}
{"customer_id": "C9", "basket": [{"product_id": "P07", "price": 946}, {"product_id": "P01", "price": 1723}, {"product_id": "P09", "price": 145}], "date_of_purchase": "2018-12-14 21:01:00"}
{"customer_id": "C12", "basket": [{"product_id": "P25", "price": 1871}, {"product_id": "P27", "price": 862}], "date_of_purchase": "2018-12-14 03:01:00"}
{"customer_id": "C13", "basket": [{"product_id": "P55", "price": 1984}, {"product_id": "P58", "price": 458}, {"product_id": "P46", "price": 514}], "date_of_purchase": "2018-12-14 06:26:00"}
{"customer_id": "C20", "basket": [{"product_id": "P54", "price": 1116}, {"product_id": "P42", "price": 876}, {"product_id": "P47", "price": 911}], "date_of_purchase": "2018-12-14 04:51:00"}
{"customer_id": "C24", "basket": [{"product_id": "P62", "price": 837}], "date_of_purchase": "2018-12-14 22:53:00"}
{"customer_id": "C25", "basket": [{"product_id": "P62", "price": 1818}], "date_of_purchase": "2018-12-14 10:37:00"}
{"customer_id": "C29", "basket": [{"product_id": "P55", "price": 1043}, {"product_id": "P43", "price": 504}], "date_of_purchase": "2018-12-14 12:23:00"}
{"customer_id": "C32", "basket": [{"product_id": "P64", "price": 1829}], "date_of_purchase": "2018-12-14 04:49:00"}
{"customer_id": "C38", "basket": [{"product_id": "P38", "price": 1044}, {"product_id": "P36", "price": 1805}, {"product_id": "P40", "price": 1821}], "date_of_purchase": "2018-12-14 14:09:00"}
{"customer_id": "C42", "basket": [{"product_id": "P37", "price": 1492}], "date_of_purchase": "2018-12-14 20:00:00"}
{"customer_id": "C47", "basket": [{"product_id": "P32", "price": 1473}, {"product_id": "P25", "price": 1528}, {"product_id": "P23", "price": 463}], "date_of_purchase": "2018-12-14 21:46:00"}
{"customer_id": "C62", "basket": [{"product_id": "P45", "price": 264}, {"product_id": "P55", "price": 79}, {"product_id": "P57", "price": 361}], "date_of_purchase": "2018-12-14 18:17:00"}
{"customer_id": "C65", "basket": [{"product_id": "P30", "price": 1499}], "date_of_purchase": "2018-12-14 15:18:00"}
{"customer_id": "C67", "basket": [{"product_id": "P40", "price": 512}], "date_of_purchase": "2018-12-14 06:38:00"}
{"customer_id": "C72", "basket": [{"product_id": "P49", "price": 695}, {"product_id": "P43", "price": 710}], "date_of_purchase": "2018-12-14 08:39:00"}
{"customer_id": "C75", "basket": [{"product_id": "P09", "price": 823}], "date_of_purchase": "2018-12-14 03:57:00"}
{"customer_id": "C82", "basket": [{"product_id": "P36", "price": 1457}, {"product_id": "P35", "price": 74}, {"product_id": "P39", "price": 1179}], "date_of_purchase": "2018-12-14 22:42:00"}
{"customer_id": "C85", "basket": [{"product_id": "P60", "price": 903}], "date_of_purchase": "2018-12-14 15:58:00"}
{"customer_id": "C95", "basket": [{"product_id": "P19", "price": 587}, {"product_id": "P18", "price": 213}, {"product_id": "P19", "price": 1327}], "date_of_purchase": "2018-12-14 11:06:00"}
{"customer_id": "C97", "basket": [{"product_id": "P01", "price": 955}, {"product_id": "P06", "price": 1065}, {"product_id": "P07", "price": 1337}], "date_of_purchase": "2018-12-14 09:16:00"}
{"customer_id": "C102", "basket": [{"product_id": "P26", "price": 1135}], "date_of_purchase": "2018-12-14 21:51:00"}
{"customer_id": "C103", "basket": [{"product_id": "P39", "price": 1968}, {"product_id": "P39", "price": 1207}, {"product_id": "P35", "price": 1747}], "date_of_purchase": "2018-12-14 15:56:00"}
{"customer_id": "C109", "basket": [{"product_id": "P11", "price": 666}, {"product_id": "P07", "price": 717}], "date_of_purchase": "2018-12-14 12:52:00"}
{"customer_id": "C114", "basket": [{"product_id": "P26", "price": 1202}, {"product_id": "P26", "price": 810}, {"product_id": "P29", "price": 523}], "date_of_purchase": "2018-12-14 06:41:00"}
{"customer_id": "C116", "basket": [{"product_id": "P39", "price": 811}, {"product_id": "P37", "price": 897}, {"product_id": "P40", "price": 131}], "date_of_purchase": "2018-12-14 21:33:00"}
{"customer_id": "C134", "basket": [{"product_id": "P38", "price": 1025}], "date_of_purchase": "2018-12-14 18:00:00"}
