{"customer_id": "C2", "basket": [{"product_id": "P37", "price": 1702}], "date_of_purchase": "2019-01-23 08:45:00"}
{"customer_id": "C8", "basket": [{"product_id": "P02", "price": 1982}, {"product_id": "P02", "price": 1031}, {"product_id": "P11", "price": 642}], "date_of_purchase": "2019-01-23 21:22:00"}
{"customer_id": "C10", "basket": [{"product_id": "P10", "price": 115}, {"product_id": "P05", "price": 231}, {"product_id": "P05", "price": 349}], "date_of_purchase": "2019-01-23 13:27:00"}
{"customer_id": "C18", "basket": [{"product_id": "P37", "price": 853}], "date_of_purchase": "2019-01-23 05:26:00"}
{"customer_id": "C41", "basket": [{"product_id": "P29", "price": 379}, {"product_id": "P23", "price": 1209}, {"product_id": "P27", "price": 948}], "date_of_purchase": "2019-01-23 08:44:00"}
{"customer_id": "C44", "basket": [{"product_id": "P20", "price": 1945}, {"product_id": "P15", "price": 1744}], "date_of_purchase": "2019-01-23 17:16:00"}
{"customer_id": "C51", "basket": [{"product_id": "P01", "price": 1247}], "date_of_purchase": "2019-01-23 15:24:00"}
{"customer_id": "C56", "basket": [{"product_id": "P29", "price": 712}], "date_of_purchase": "2019-01-23 20:20:00"}
{"customer_id": "C73", "basket": [{"product_id": "P37", "price": 1229}], "date_of_purchase": "2019-01-23 03:30:00"}
{"customer_id": "C80", "basket": [{"product_id": "P40", "price": 1343}], "date_of_purchase": "2019-01-23 05:18:00"}
{"customer_id": "C81", "basket": [{"product_id": "P27", "price": 952}, {"product_id": "P22", "price": 97}], "date_of_purchase": "2019-01-23 05:46:00"}
{"customer_id": "C83", "basket": [{"product_id": "P35", "price": 1078}, {"product_id": "P36", "price": 533}], "date_of_purchase": "2019-01-23 23:04:00"}
{"customer_id": "C89", "basket": [{"product_id": "P52", "price": 793}, {"product_id": "P56", "price": 778}, {"product_id": "P45", "price": 11}], "date_of_purchase": "2019-01-23 02:59:00"}
{"customer_id": "C97", "basket": [{"product_id": "P03", "price": 1172}, {"product_id": "P03", "price": 1240}], "date_of_purchase": "2019-01-23 10:04:00"}
{"customer_id": "C105", "basket": [{"product_id": "P35", "price": 1478}], "date_of_purchase": "2019-01-23 13:21:00"}
{"customer_id": "C112", "basket": [{"product_id": "P61", "price": 1938}, {"product_id": "P62", "price": 1046}], "date_of_purchase": "2019-01-23 12:27:00"}
{"customer_id": "C125", "basket": [{"product_id": "P35", "price": 1981}, {"product_id": "P40", "price": 945}], "date_of_purchase": "2019-01-23 12:21:00"}
{"customer_id": "C127", "basket": [{"product_id": "P26", "price": 146}, {"product_id": "P28", "price": 1645}, {"product_id": "P34", "price": 1010}], "date_of_purchase": "2019-01-23 20:30:00"}
{"customer_id": "C137", "basket": [{"product_id": "P64", "price": 928}, {"product_id": "P64", "price": 948}], "date_of_purchase": "2019-01-23 13:08:00"}
