{"customer_id": "C6", "basket": [{"product_id": "P58", "price": 931}, {"product_id": "P43", "price": 1674}, {"product_id": "P42", "price": 1449}], "date_of_purchase": "2019-02-10 11:31:00"}
{"customer_id": "C7", "basket": [{"product_id": "P47", "price": 1771}, {"product_id": "P52", "price": 207}], "date_of_purchase": "2019-02-10 06:48:00"}
{"customer_id": "C12", "basket": [{"product_id": "P01", "price": 1826}], "date_of_purchase": "2019-02-10 06:31:00"}
{"customer_id": "C15", "basket": [{"product_id": "P14", "price": 1833}, {"product_id": "P20", "price": 1386}, {"product_id": "P18", "price": 1213}], "date_of_purchase": "2019-02-10 07:32:00"}
{"customer_id": "C38", "basket": [{"product_id": "P36", "price": 1625}, {"product_id": "P36", "price": 1249}, {"product_id": "P38", "price": 1817}], "date_of_purchase": "2019-02-10 23:59:00"}
{"customer_id": "C52", "basket": [{"product_id": "P34", "price": 1864}, {"product_id": "P33", "price": 444}, {"product_id": "P33", "price": 1849}], "date_of_purchase": "2019-02-10 07:08:00"}
{"customer_id": "C65", "basket": [{"product_id": "P53", "price": 1823}], "date_of_purchase": "2019-02-10 17:54:00"}
{"customer_id": "C67", "basket": [{"product_id": "P58", "price": 1989}], "date_of_purchase": "2019-02-10 19:04:00"}
{"customer_id": "C69", "basket": [{"product_id": "P32", "price": 223}, {"product_id": "P34", "price": 1147}, {"product_id": "P32", "price": 574}], "date_of_purchase": "2019-02-10 10:33:00"}
{"customer_id": "C71", "basket": [{"product_id": "P39", "price": 1486}], "date_of_purchase": "2019-02-10 03:55:00"}
{"customer_id": "C73", "basket": [{"product_id": "P38", "price": 1120}, {"product_id": "P36", "price": 794}], "date_of_purchase": "2019-02-10 09:58:00"}
{"customer_id": "C74", "basket": [{"product_id": "P38", "price": 1295}, {"product_id": "P37", "price": 397}], "date_of_purchase": "2019-02-10 20:09:00"}
{"customer_id": "C78", "basket": [{"product_id": "P39", "price": 1824}, {"product_id": "P39", "price": 1946}], "date_of_purchase": "2019-02-10 05:04:00"}
{"customer_id": "C81", "basket": [{"product_id": "P27", "price": 1553}], "date_of_purchase": "2019-02-10 10:45:00"}
{"customer_id": "C84", "basket": [{"product_id": "P05", "price": 595}], "date_of_purchase": "2019-02-10 14:00:00"}
{"customer_id": "C85", "basket": [{"product_id": "P50", "price": 895}, {"product_id": "P56", "price": 1041}], "date_of_purchase": "2019-02-10 21:51:00"}
{"customer_id": "C86", "basket": [{"product_id": "P61", "price": 1060}, {"product_id": "P61", "price": 326}], "date_of_purchase": "2019-02-10 05:59:00"}
{"customer_id": "C91", "basket": [{"product_id": "P61", "price": 1110}, {"product_id": "P62", "price": 1526}], "date_of_purchase": "2019-02-10 15:36:00"}
{"customer_id": "C103", "basket": [{"product_id": "P62", "price": 809}, {"product_id": "P62", "price": 941}, {"product_id": "P64", "price": 980}], "date_of_purchase": "2019-02-10 04:18:00"}
{"customer_id": "C106", "basket": [{"product_id": "P22", "price": 1615}, {"product_id": "P34", "price": 1607}, {"product_id": "P23", "price": 806}], "date_of_purchase": "2019-02-10 06:30:00"}
{"customer_id": "C119", "basket": [{"product_id": "P64", "price": 549}, {"product_id": "P61", "price": 1668}], "date_of_purchase": "2019-02-10 16:20:00"}
{"customer_id": "C126", "basket": [{"product_id": "P53", "price": 104}, {"product_id": "P41", "price": 829}], "date_of_purchase": "2019-02-10 09:47:00"}
{"customer_id": "C127", "basket": [{"product_id": "P44", "price": 601}, {"product_id": "P41", "price": 1993}, {"product_id": "P48", "price": 877}], "date_of_purchase": "2019-02-10 05:09:00"}
{"customer_id": "C136", "basket": [{"product_id": "P12", "price": 943}, {"product_id": "P09", "price": 1390}, {"product_id": "P01", "price": 400}], "date_of_purchase": "2019-02-10 07:01:00"}
