{"customer_id": "C1", "basket": [{"product_id": "P60", "price": 790}, {"product_id": "P54", "price": 513}, {"product_id": "P47", "price": 1788}], "date_of_purchase": "2019-01-19 07:36:00"}
{"customer_id": "C8", "basket": [{"product_id": "P04", "price": 1196}, {"product_id": "P04", "price": 273}, {"product_id": "P07", "price": 1945}], "date_of_purchase": "2019-01-19 19:04:00"}
{"customer_id": "C9", "basket": [{"product_id": "P09", "price": 1096}, {"product_id": "P09", "price": 1003}, {"product_id": "P12", "price": 1314}], "date_of_purchase": "2019-01-19 15:48:00"}
{"customer_id": "C16", "basket": [{"product_id": "P40", "price": 780}, {"product_id": "P40", "price": 171}, {"product_id": "P40", "price": 1725}], "date_of_purchase": "2019-01-19 21:56:00"}
{"customer_id": "C20", "basket": [{"product_id": "P62", "price": 826}], "date_of_purchase": "2019-01-19 21:47:00"}
{"customer_id": "C26", "basket": [{"product_id": "P55", "price": 443}], "date_of_purchase": "2019-01-19 18:59:00"}
{"customer_id": "C34", "basket": [{"product_id": "P54", "price": 1918}], "date_of_purchase": "2019-01-19 15:40:00"}
{"customer_id": "C40", "basket": [{"product_id": "P47", "price": 1724}, {"product_id": "P52", "price": 142}], "date_of_purchase": "2019-01-19 14:03:00"}
{"customer_id": "C42", "basket": [{"product_id": "P36", "price": 1830}, {"product_id": "P40", "price": 1691}], "date_of_purchase": "2019-01-19 23:18:00"}
{"customer_id": "C55", "basket": [{"product_id": "P62", "price": 1489}], "date_of_purchase": "2019-01-19 09:48:00"}
{"customer_id": "C66", "basket": [{"product_id": "P36", "price": 1749}, {"product_id": "P40", "price": 1167}], "date_of_purchase": "2019-01-19 19:15:00"}
{"customer_id": "C71", "basket": [{"product_id": "P59", "price": 769}], "date_of_purchase": "2019-01-19 06:00:00"}
{"customer_id": "C73", "basket": [{"product_id": "P38", "price": 1222}, {"product_id": "P39", "price": 757}], "date_of_purchase": "2019-01-19 20:06:00"}
{"customer_id": "C78", "basket": [{"product_id": "P35", "price": 1525}, {"product_id": "P36", "price": 901}], "date_of_purchase": "2019-01-19 15:57:00"}
{"customer_id": "C83", "basket": [{"product_id": "P39", "price": 1603}, {"product_id": "P37", "price": 1912}, {"product_id": "P40", "price": 1437}], "date_of_purchase": "2019-01-19 07:44:00"}
{"customer_id": "C97", "basket": [{"product_id": "P01", "price": 1057}, {"product_id": "P03", "price": 358}], "date_of_purchase": "2019-01-19 14:33:00"}
{"customer_id": "C103", "basket": [{"product_id": "P54", "price": 438}, {"product_id": "P52", "price": 554}], "date_of_purchase": "2019-01-19 18:51:00"}
{"customer_id": "C109", "basket": [{"product_id": "P43", "price": 362}], "date_of_purchase": "2019-01-19 04:29:00"}
{"customer_id": "C110", "basket": [{"product_id": "P64", "price": 1907}, {"product_id": "P64", "price": 761}, {"product_id": "P64", "price": 311}], "date_of_purchase": "2019-01-19 15:44:00"}
{"customer_id": "C131", "basket": [{"product_id": "P40", "price": 1390}, {"product_id": "P35", "price": 30}], "date_of_purchase": "2019-01-19 07:22:00"}
