{"customer_id":"C9","loyalty_score":"8","product_id":"P38","product_category":"sweets","purchase_count":1}
{"customer_id":"C6","loyalty_score":"10","product_id":"P55","product_category":"food","purchase_count":1}
{"customer_id":"C9","loyalty_score":"8","product_id":"P35","product_category":"sweets","purchase_count":1}
{"customer_id":"C6","loyalty_score":"10","product_id":"P50","product_category":"food","purchase_count":1}
{"customer_id":"C9","loyalty_score":"8","product_id":"P39","product_category":"sweets","purchase_count":1}
{"customer_id":"C2","loyalty_score":"4","product_id":"P11","product_category":"house","purchase_count":1}
{"customer_id":"C6","loyalty_score":"10","product_id":"P48","product_category":"food","purchase_count":1}
{"customer_id":"C2","loyalty_score":"4","product_id":"P12","product_category":"house","purchase_count":1}
{"customer_id":"C9","loyalty_score":"8","product_id":"P37","product_category":"sweets","purchase_count":2}
{"customer_id":"C22","loyalty_score":"1","product_id":"P34","product_category":"fruit_veg","purchase_count":1}
{"customer_id":"C22","loyalty_score":"1","product_id":"P29","product_category":"fruit_veg","purchase_count":2}
{"customer_id":"C7","loyalty_score":"3","product_id":"P46","product_category":"food","purchase_count":1}
{"customer_id":"C7","loyalty_score":"3","product_id":"P45","product_category":"food","purchase_count":1}
{"customer_id":"C7","loyalty_score":"3","product_id":"P51","product_category":"food","purchase_count":1}
{"customer_id":"C1","loyalty_score":"7","product_id":"P47","product_category":"food","purchase_count":1}
{"customer_id":"C1","loyalty_score":"7","product_id":"P60","product_category":"food","purchase_count":1}
{"customer_id":"C1","loyalty_score":"7","product_id":"P54","product_category":"food","purchase_count":1}
