{"customer_id": "C27", "basket": [{"product_id": "P38", "price": 1540}], "date_of_purchase": "2018-12-23 08:57:00"}
{"customer_id": "C30", "basket": [{"product_id": "P63", "price": 1368}], "date_of_purchase": "2018-12-23 09:13:00"}
{"customer_id": "C58", "basket": [{"product_id": "P63", "price": 691}, {"product_id": "P62", "price": 1376}, {"product_id": "P61", "price": 1350}], "date_of_purchase": "2018-12-23 06:06:00"}
{"customer_id": "C59", "basket": [{"product_id": "P37", "price": 681}, {"product_id": "P35", "price": 1699}], "date_of_purchase": "2018-12-23 23:01:00"}
{"customer_id": "C74", "basket": [{"product_id": "P37", "price": 1030}, {"product_id": "P38", "price": 243}, {"product_id": "P39", "price": 824}], "date_of_purchase": "2018-12-23 22:58:00"}
{"customer_id": "C75", "basket": [{"product_id": "P43", "price": 1850}], "date_of_purchase": "2018-12-23 13:32:00"}
{"customer_id": "C76", "basket": [{"product_id": "P34", "price": 856}], "date_of_purchase": "2018-12-23 23:57:00"}
{"customer_id": "C78", "basket": [{"product_id": "P35", "price": 929}, {"product_id": "P35", "price": 70}, {"product_id": "P35", "price": 1365}], "date_of_purchase": "2018-12-23 18:59:00"}
{"customer_id": "C87", "basket": [{"product_id": "P13", "price": 280}, {"product_id": "P14", "price": 1910}], "date_of_purchase": "2018-12-23 11:06:00"}
{"customer_id": "C90", "basket": [{"product_id": "P44", "price": 1987}, {"product_id": "P47", "price": 441}], "date_of_purchase": "2018-12-23 17:20:00"}
{"customer_id": "C95", "basket": [{"product_id": "P17", "price": 832}, {"product_id": "P19", "price": 371}], "date_of_purchase": "2018-12-23 16:01:00"}
{"customer_id": "C97", "basket": [{"product_id": "P12", "price": 1826}, {"product_id": "P11", "price": 254}, {"product_id": "P05", "price": 516}], "date_of_purchase": "2018-12-23 15:47:00"}
{"customer_id": "C100", "basket": [{"product_id": "P38", "price": 422}], "date_of_purchase": "2018-12-23 16:10:00"}
{"customer_id": "C107", "basket": [{"product_id": "P10", "price": 956}, {"product_id": "P07", "price": 535}], "date_of_purchase": "2018-12-23 05:16:00"}
{"customer_id": "C115", "basket": [{"product_id": "P25", "price": 1080}], "date_of_purchase": "2018-12-23 15:20:00"}
{"customer_id": "C117", "basket": [{"product_id": "P12", "price": 1960}], "date_of_purchase": "2018-12-23 21:04:00"}
{"customer_id": "C118", "basket": [{"product_id": "P43", "price": 514}, {"product_id": "P43", "price": 48}], "date_of_purchase": "2018-12-23 20:04:00"}
{"customer_id": "C132", "basket": [{"product_id": "P39", "price": 929}, {"product_id": "P40", "price": 1384}, {"product_id": "P40", "price": 1678}], "date_of_purchase": "2018-12-23 17:09:00"}
