{"customer_id": "C9", "basket": [{"product_id": "P35", "price": 107}, {"product_id": "P40", "price": 136}], "date_of_purchase": "2019-02-23 08:58:00"}
{"customer_id": "C10", "basket": [{"product_id": "P39", "price": 1263}], "date_of_purchase": "2019-02-23 18:53:00"}
{"customer_id": "C13", "basket": [{"product_id": "P31", "price": 1131}], "date_of_purchase": "2019-02-23 08:19:00"}
{"customer_id": "C15", "basket": [{"product_id": "P52", "price": 761}], "date_of_purchase": "2019-02-23 08:06:00"}
{"customer_id": "C18", "basket": [{"product_id": "P34", "price": 1583}, {"product_id": "P33", "price": 1109}, {"product_id": "P25", "price": 1007}], "date_of_purchase": "2019-02-23 21:49:00"}
{"customer_id": "C22", "basket": [{"product_id": "P50", "price": 198}, {"product_id": "P43", "price": 49}], "date_of_purchase": "2019-02-23 23:18:00"}
{"customer_id": "C25", "basket": [{"product_id": "P62", "price": 1799}], "date_of_purchase": "2019-02-23 16:09:00"}
{"customer_id": "C26", "basket": [{"product_id": "P43", "price": 1708}, {"product_id": "P50", "price": 1699}, {"product_id": "P49", "price": 633}], "date_of_purchase": "2019-02-23 03:30:00"}
{"customer_id": "C27", "basket": [{"product_id": "P36", "price": 1149}, {"product_id": "P38", "price": 1315}, {"product_id": "P36", "price": 691}], "date_of_purchase": "2019-02-23 09:53:00"}
{"customer_id": "C28", "basket": [{"product_id": "P50", "price": 1229}, {"product_id": "P43", "price": 1085}, {"product_id": "P49", "price": 676}], "date_of_purchase": "2019-02-23 16:33:00"}
{"customer_id": "C30", "basket": [{"product_id": "P36", "price": 929}, {"product_id": "P35", "price": 1948}], "date_of_purchase": "2019-02-23 14:42:00"}
{"customer_id": "C36", "basket": [{"product_id": "P46", "price": 599}, {"product_id": "P49", "price": 1811}, {"product_id": "P42", "price": 1706}], "date_of_purchase": "2019-02-23 17:30:00"}
{"customer_id": "C49", "basket": [{"product_id": "P39", "price": 1807}, {"product_id": "P37", "price": 1677}], "date_of_purchase": "2019-02-23 14:05:00"}
{"customer_id": "C51", "basket": [{"product_id": "P08", "price": 990}, {"product_id": "P01", "price": 619}], "date_of_purchase": "2019-02-23 09:04:00"}
{"customer_id": "C53", "basket": [{"product_id": "P62", "price": 1857}], "date_of_purchase": "2019-02-23 10:34:00"}
{"customer_id": "C65", "basket": [{"product_id": "P33", "price": 1531}, {"product_id": "P33", "price": 1656}, {"product_id": "P29", "price": 659}], "date_of_purchase": "2019-02-23 11:48:00"}
{"customer_id": "C81", "basket": [{"product_id": "P27", "price": 983}, {"product_id": "P33", "price": 1606}, {"product_id": "P30", "price": 1071}], "date_of_purchase": "2019-02-23 08:03:00"}
{"customer_id": "C84", "basket": [{"product_id": "P37", "price": 1458}, {"product_id": "P38", "price": 1114}, {"product_id": "P37", "price": 728}], "date_of_purchase": "2019-02-23 08:10:00"}
{"customer_id": "C87", "basket": [{"product_id": "P28", "price": 1363}], "date_of_purchase": "2019-02-23 05:45:00"}
{"customer_id": "C117", "basket": [{"product_id": "P06", "price": 931}, {"product_id": "P04", "price": 1225}], "date_of_purchase": "2019-02-23 17:56:00"}
{"customer_id": "C119", "basket": [{"product_id": "P38", "price": 1930}, {"product_id": "P40", "price": 1066}], "date_of_purchase": "2019-02-23 17:35:00"}
{"customer_id": "C125", "basket": [{"product_id": "P36", "price": 1939}, {"product_id": "P35", "price": 951}], "date_of_purchase": "2019-02-23 21:36:00"}
