{"customer_id": "C9", "basket": [{"product_id": "P34", "price": 735}], "date_of_purchase": "2019-02-12 23:15:00"}
{"customer_id": "C26", "basket": [{"product_id": "P18", "price": 377}], "date_of_purchase": "2019-02-12 22:50:00"}
{"customer_id": "C28", "basket": [{"product_id": "P28", "price": 78}, {"product_id": "P29", "price": 189}, {"product_id": "P34", "price": 952}], "date_of_purchase": "2019-02-12 17:07:00"}
{"customer_id": "C40", "basket": [{"product_id": "P60", "price": 507}, {"product_id": "P47", "price": 1708}], "date_of_purchase": "2019-02-12 21:13:00"}
{"customer_id": "C49", "basket": [{"product_id": "P08", "price": 1373}, {"product_id": "P08", "price": 1208}, {"product_id": "P11", "price": 497}], "date_of_purchase": "2019-02-12 19:52:00"}
{"customer_id": "C50", "basket": [{"product_id": "P28", "price": 1239}, {"product_id": "P25", "price": 146}, {"product_id": "P22", "price": 1344}], "date_of_purchase": "2019-02-12 19:56:00"}
{"customer_id": "C57", "basket": [{"product_id": "P22", "price": 1927}], "date_of_purchase": "2019-02-12 05:38:00"}
{"customer_id": "C59", "basket": [{"product_id": "P36", "price": 1218}, {"product_id": "P35", "price": 736}], "date_of_purchase": "2019-02-12 10:35:00"}
{"customer_id": "C65", "basket": [{"product_id": "P39", "price": 184}], "date_of_purchase": "2019-02-12 20:26:00"}
{"customer_id": "C74", "basket": [{"product_id": "P38", "price": 1632}, {"product_id": "P40", "price": 1311}, {"product_id": "P37", "price": 1702}], "date_of_purchase": "2019-02-12 05:14:00"}
{"customer_id": "C81", "basket": [{"product_id": "P31", "price": 1305}, {"product_id": "P30", "price": 1500}], "date_of_purchase": "2019-02-12 13:52:00"}
{"customer_id": "C84", "basket": [{"product_id": "P36", "price": 1923}], "date_of_purchase": "2019-02-12 10:08:00"}
{"customer_id": "C93", "basket": [{"product_id": "P37", "price": 155}, {"product_id": "P38", "price": 1494}, {"product_id": "P36", "price": 1619}], "date_of_purchase": "2019-02-12 03:43:00"}
{"customer_id": "C95", "basket": [{"product_id": "P14", "price": 1211}], "date_of_purchase": "2019-02-12 17:52:00"}
{"customer_id": "C106", "basket": [{"product_id": "P32", "price": 1830}, {"product_id": "P28", "price": 151}], "date_of_purchase": "2019-02-12 10:14:00"}
{"customer_id": "C113", "basket": [{"product_id": "P24", "price": 924}, {"product_id": "P33", "price": 1510}], "date_of_purchase": "2019-02-12 16:56:00"}
{"customer_id": "C119", "basket": [{"product_id": "P37", "price": 679}], "date_of_purchase": "2019-02-12 19:07:00"}
{"customer_id": "C123", "basket": [{"product_id": "P27", "price": 1866}, {"product_id": "P26", "price": 1904}, {"product_id": "P28", "price": 1977}], "date_of_purchase": "2019-02-12 22:00:00"}
{"customer_id": "C125", "basket": [{"product_id": "P36", "price": 1323}, {"product_id": "P37", "price": 147}, {"product_id": "P40", "price": 1772}], "date_of_purchase": "2019-02-12 23:18:00"}
{"customer_id": "C130", "basket": [{"product_id": "P36", "price": 5}], "date_of_purchase": "2019-02-12 05:28:00"}
{"customer_id": "C137", "basket": [{"product_id": "P62", "price": 654}], "date_of_purchase": "2019-02-12 14:53:00"}
