{"customer_id":"C14","loyalty_score":"3","product_id":"P33","product_category":"fruit_veg","purchase_count":1}
{"customer_id":"C14","loyalty_score":"3","product_id":"P28","product_category":"fruit_veg","purchase_count":1}
{"customer_id":"C14","loyalty_score":"3","product_id":"P30","product_category":"fruit_veg","purchase_count":1}
{"customer_id":"C2","loyalty_score":"4","product_id":"P19","product_category":"clothes","purchase_count":1}
{"customer_id":"C2","loyalty_score":"4","product_id":"P21","product_category":"clothes","purchase_count":1}
{"customer_id":"C5","loyalty_score":"7","product_id":"P28","product_category":"fruit_veg","purchase_count":1}
{"customer_id":"C5","loyalty_score":"7","product_id":"P30","product_category":"fruit_veg","purchase_count":1}
{"customer_id":"C8","loyalty_score":"7","product_id":"P01","product_category":"house","purchase_count":1}
{"customer_id":"C3","loyalty_score":"8","product_id":"P02","product_category":"house","purchase_count":1}
{"customer_id":"C8","loyalty_score":"7","product_id":"P02","product_category":"house","purchase_count":1}
{"customer_id":"C1","loyalty_score":"7","product_id":"P57","product_category":"food","purchase_count":1}
{"customer_id":"C16","loyalty_score":"5","product_id":"P37","product_category":"sweets","purchase_count":1}
{"customer_id":"C16","loyalty_score":"5","product_id":"P39","product_category":"sweets","purchase_count":1}
{"customer_id":"C1","loyalty_score":"7","product_id":"P60","product_category":"food","purchase_count":1}
{"customer_id":"C1","loyalty_score":"7","product_id":"P46","product_category":"food","purchase_count":1}
{"customer_id":"C3","loyalty_score":"8","product_id":"P01","product_category":"house","purchase_count":1}
