{"customer_id":"C6","loyalty_score":"10","product_id":"P58","product_category":"food","purchase_count":1}
{"customer_id":"C6","loyalty_score":"10","product_id":"P62","product_category":"bws","purchase_count":1}
{"customer_id":"C6","loyalty_score":"10","product_id":"P43","product_category":"food","purchase_count":1}
{"customer_id":"C6","loyalty_score":"10","product_id":"P42","product_category":"food","purchase_count":1}
{"customer_id":"C9","loyalty_score":"8","product_id":"P40","product_category":"sweets","purchase_count":1}
{"customer_id":"C9","loyalty_score":"8","product_id":"P10","product_category":"house","purchase_count":1}
{"customer_id":"C16","loyalty_score":"5","product_id":"P39","product_category":"sweets","purchase_count":1}
{"customer_id":"C9","loyalty_score":"8","product_id":"P07","product_category":"house","purchase_count":1}
{"customer_id":"C5","loyalty_score":"7","product_id":"P31","product_category":"fruit_veg","purchase_count":1}
{"customer_id":"C4","loyalty_score":"5","product_id":"P52","product_category":"food","purchase_count":1}
{"customer_id":"C5","loyalty_score":"7","product_id":"P28","product_category":"fruit_veg","purchase_count":1}
{"customer_id":"C4","loyalty_score":"5","product_id":"P44","product_category":"food","purchase_count":1}
{"customer_id":"C4","loyalty_score":"5","product_id":"P42","product_category":"food","purchase_count":1}
