{"customer_id": "C2", "basket": [{"product_id": "P06", "price": 293}, {"product_id": "P09", "price": 226}], "date_of_purchase": "2019-01-01 08:50:00"}
{"customer_id": "C4", "basket": [{"product_id": "P33", "price": 1962}, {"product_id": "P27", "price": 480}, {"product_id": "P25", "price": 1694}], "date_of_purchase": "2019-01-01 06:00:00"}
{"customer_id": "C9", "basket": [{"product_id": "P36", "price": 177}, {"product_id": "P38", "price": 1809}, {"product_id": "P40", "price": 1717}], "date_of_purchase": "2019-01-01 06:58:00"}
{"customer_id": "C10", "basket": [{"product_id": "P36", "price": 1149}, {"product_id": "P39", "price": 1588}], "date_of_purchase": "2019-01-01 17:49:00"}
{"customer_id": "C22", "basket": [{"product_id": "P59", "price": 221}], "date_of_purchase": "2019-01-01 22:21:00"}
{"customer_id": "C40", "basket": [{"product_id": "P48", "price": 1037}], "date_of_purchase": "2019-01-01 18:13:00"}
{"customer_id": "C58", "basket": [{"product_id": "P37", "price": 389}, {"product_id": "P39", "price": 824}, {"product_id": "P37", "price": 1732}], "date_of_purchase": "2019-01-01 07:04:00"}
{"customer_id": "C63", "basket": [{"product_id": "P48", "price": 1903}, {"product_id": "P48", "price": 648}], "date_of_purchase": "2019-01-01 22:58:00"}
{"customer_id": "C67", "basket": [{"product_id": "P57", "price": 608}], "date_of_purchase": "2019-01-01 03:42:00"}
{"customer_id": "C73", "basket": [{"product_id": "P39", "price": 503}, {"product_id": "P40", "price": 813}, {"product_id": "P39", "price": 579}], "date_of_purchase": "2019-01-01 18:28:00"}
{"customer_id": "C75", "basket": [{"product_id": "P53", "price": 420}, {"product_id": "P56", "price": 967}, {"product_id": "P41", "price": 283}], "date_of_purchase": "2019-01-01 02:55:00"}
{"customer_id": "C77", "basket": [{"product_id": "P21", "price": 162}], "date_of_purchase": "2019-01-01 18:23:00"}
{"customer_id": "C84", "basket": [{"product_id": "P10", "price": 1452}, {"product_id": "P08", "price": 1831}], "date_of_purchase": "2019-01-01 22:30:00"}
{"customer_id": "C89", "basket": [{"product_id": "P06", "price": 678}, {"product_id": "P09", "price": 937}, {"product_id": "P01", "price": 1472}], "date_of_purchase": "2019-01-01 16:20:00"}
{"customer_id": "C90", "basket": [{"product_id": "P22", "price": 1487}, {"product_id": "P25", "price": 1841}, {"product_id": "P25", "price": 1969}], "date_of_purchase": "2019-01-01 22:46:00"}
{"customer_id": "C102", "basket": [{"product_id": "P27", "price": 717}, {"product_id": "P30", "price": 536}], "date_of_purchase": "2019-01-01 11:16:00"}
{"customer_id": "C110", "basket": [{"product_id": "P12", "price": 1170}, {"product_id": "P06", "price": 593}, {"product_id": "P01", "price": 1401}], "date_of_purchase": "2019-01-01 20:49:00"}
{"customer_id": "C118", "basket": [{"product_id": "P28", "price": 651}], "date_of_purchase": "2019-01-01 12:23:00"}
{"customer_id": "C119", "basket": [{"product_id": "P39", "price": 123}, {"product_id": "P39", "price": 1692}], "date_of_purchase": "2019-01-01 05:51:00"}
{"customer_id": "C134", "basket": [{"product_id": "P37", "price": 468}, {"product_id": "P38", "price": 1082}, {"product_id": "P39", "price": 1249}], "date_of_purchase": "2019-01-01 20:47:00"}
{"customer_id": "C137", "basket": [{"product_id": "P61", "price": 1658}, {"product_id": "P63", "price": 1347}, {"product_id": "P64", "price": 174}], "date_of_purchase": "2019-01-01 06:06:00"}
