{"customer_id": "C9", "basket": [{"product_id": "P36", "price": 363}], "date_of_purchase": "2019-03-01 18:27:00"}
{"customer_id": "C10", "basket": [{"product_id": "P37", "price": 877}, {"product_id": "P36", "price": 516}, {"product_id": "P39", "price": 618}], "date_of_purchase": "2019-03-01 19:43:00"}
{"customer_id": "C12", "basket": [{"product_id": "P14", "price": 728}, {"product_id": "P18", "price": 361}, {"product_id": "P13", "price": 975}], "date_of_purchase": "2019-03-01 13:00:00"}
{"customer_id": "C16", "basket": [{"product_id": "P35", "price": 1899}, {"product_id": "P36", "price": 1051}, {"product_id": "P37", "price": 1824}], "date_of_purchase": "2019-03-01 13:38:00"}
{"customer_id": "C22", "basket": [{"product_id": "P57", "price": 1036}], "date_of_purchase": "2019-03-01 16:28:00"}
{"customer_id": "C25", "basket": [{"product_id": "P64", "price": 1008}, {"product_id": "P61", "price": 81}], "date_of_purchase": "2019-03-01 20:53:00"}
{"customer_id": "C28", "basket": [{"product_id": "P53", "price": 914}, {"product_id": "P49", "price": 632}], "date_of_purchase": "2019-03-01 09:13:00"}
{"customer_id": "C32", "basket": [{"product_id": "P62", "price": 897}, {"product_id": "P63", "price": 1313}], "date_of_purchase": "2019-03-01 08:06:00"}
{"customer_id": "C41", "basket": [{"product_id": "P41", "price": 365}], "date_of_purchase": "2019-03-01 20:46:00"}
{"customer_id": "C42", "basket": [{"product_id": "P37", "price": 1523}, {"product_id": "P38", "price": 1457}], "date_of_purchase": "2019-03-01 12:36:00"}
{"customer_id": "C56", "basket": [{"product_id": "P24", "price": 169}], "date_of_purchase": "2019-03-01 18:23:00"}
{"customer_id": "C62", "basket": [{"product_id": "P37", "price": 641}, {"product_id": "P40", "price": 1534}], "date_of_purchase": "2019-03-01 15:00:00"}
{"customer_id": "C63", "basket": [{"product_id": "P53", "price": 662}, {"product_id": "P55", "price": 1471}], "date_of_purchase": "2019-03-01 11:41:00"}
{"customer_id": "C66", "basket": [{"product_id": "P31", "price": 448}], "date_of_purchase": "2019-03-01 13:41:00"}
{"customer_id": "C73", "basket": [{"product_id": "P39", "price": 402}], "date_of_purchase": "2019-03-01 12:05:00"}
{"customer_id": "C74", "basket": [{"product_id": "P38", "price": 1430}], "date_of_purchase": "2019-03-01 10:41:00"}
{"customer_id": "C75", "basket": [{"product_id": "P08", "price": 206}, {"product_id": "P12", "price": 1370}], "date_of_purchase": "2019-03-01 07:09:00"}
{"customer_id": "C79", "basket": [{"product_id": "P61", "price": 1497}], "date_of_purchase": "2019-03-01 09:18:00"}
{"customer_id": "C83", "basket": [{"product_id": "P37", "price": 607}], "date_of_purchase": "2019-03-01 05:18:00"}
{"customer_id": "C89", "basket": [{"product_id": "P06", "price": 1381}], "date_of_purchase": "2019-03-01 16:26:00"}
{"customer_id": "C98", "basket": [{"product_id": "P61", "price": 807}, {"product_id": "P62", "price": 696}, {"product_id": "P63", "price": 177}], "date_of_purchase": "2019-03-01 21:02:00"}
{"customer_id": "C104", "basket": [{"product_id": "P37", "price": 1364}, {"product_id": "P36", "price": 213}, {"product_id": "P39", "price": 396}], "date_of_purchase": "2019-03-01 15:49:00"}
{"customer_id": "C105", "basket": [{"product_id": "P36", "price": 272}, {"product_id": "P39", "price": 24}, {"product_id": "P35", "price": 1934}], "date_of_purchase": "2019-03-01 18:15:00"}
{"customer_id": "C106", "basket": [{"product_id": "P32", "price": 1863}], "date_of_purchase": "2019-03-01 13:15:00"}
{"customer_id": "C113", "basket": [{"product_id": "P27", "price": 618}], "date_of_purchase": "2019-03-01 23:35:00"}
{"customer_id": "C117", "basket": [{"product_id": "P02", "price": 726}], "date_of_purchase": "2019-03-01 15:20:00"}
{"customer_id": "C118", "basket": [{"product_id": "P36", "price": 862}, {"product_id": "P35", "price": 668}], "date_of_purchase": "2019-03-01 23:19:00"}
{"customer_id": "C119", "basket": [{"product_id": "P31", "price": 207}, {"product_id": "P23", "price": 601}], "date_of_purchase": "2019-03-01 17:22:00"}
{"customer_id": "C120", "basket": [{"product_id": "P22", "price": 1414}, {"product_id": "P34", "price": 193}], "date_of_purchase": "2019-03-01 22:13:00"}
{"customer_id": "C125", "basket": [{"product_id": "P31", "price": 1161}, {"product_id": "P22", "price": 440}, {"product_id": "P25", "price": 385}], "date_of_purchase": "2019-03-01 03:10:00"}
{"customer_id": "C128", "basket": [{"product_id": "P54", "price": 747}, {"product_id": "P45", "price": 301}, {"product_id": "P49", "price": 105}], "date_of_purchase": "2019-03-01 19:09:00"}
{"customer_id": "C135", "basket": [{"product_id": "P54", "price": 1241}], "date_of_purchase": "2019-03-01 07:34:00"}
