{"customer_id": "C8", "basket": [{"product_id": "P06", "price": 1257}, {"product_id": "P12", "price": 1464}, {"product_id": "P04", "price": 1557}], "date_of_purchase": "2019-02-14 18:22:00"}
{"customer_id": "C11", "basket": [{"product_id": "P35", "price": 55}, {"product_id": "P37", "price": 1858}], "date_of_purchase": "2019-02-14 07:24:00"}
{"customer_id": "C13", "basket": [{"product_id": "P41", "price": 1769}], "date_of_purchase": "2019-02-14 07:35:00"}
{"customer_id": "C21", "basket": [{"product_id": "P37", "price": 257}, {"product_id": "P36", "price": 88}, {"product_id": "P36", "price": 465}], "date_of_purchase": "2019-02-14 21:36:00"}
{"customer_id": "C23", "basket": [{"product_id": "P09", "price": 1420}, {"product_id": "P10", "price": 1726}, {"product_id": "P09", "price": 1195}], "date_of_purchase": "2019-02-14 18:03:00"}
{"customer_id": "C24", "basket": [{"product_id": "P37", "price": 587}, {"product_id": "P37", "price": 688}, {"product_id": "P40", "price": 1106}], "date_of_purchase": "2019-02-14 13:38:00"}
{"customer_id": "C34", "basket": [{"product_id": "P63", "price": 351}, {"product_id": "P63", "price": 1027}], "date_of_purchase": "2019-02-14 16:01:00"}
{"customer_id": "C36", "basket": [{"product_id": "P09", "price": 1469}, {"product_id": "P10", "price": 1086}], "date_of_purchase": "2019-02-14 15:27:00"}
{"customer_id": "C39", "basket": [{"product_id": "P62", "price": 1348}, {"product_id": "P63", "price": 143}], "date_of_purchase": "2019-02-14 22:14:00"}
{"customer_id": "C42", "basket": [{"product_id": "P36", "price": 386}, {"product_id": "P40", "price": 569}], "date_of_purchase": "2019-02-14 10:17:00"}
{"customer_id": "C44", "basket": [{"product_id": "P40", "price": 1976}, {"product_id": "P38", "price": 1914}, {"product_id": "P35", "price": 244}], "date_of_purchase": "2019-02-14 12:26:00"}
{"customer_id": "C53", "basket": [{"product_id": "P64", "price": 1172}, {"product_id": "P62", "price": 1138}], "date_of_purchase": "2019-02-14 03:32:00"}
{"customer_id": "C58", "basket": [{"product_id": "P04", "price": 1016}, {"product_id": "P09", "price": 475}, {"product_id": "P12", "price": 1382}], "date_of_purchase": "2019-02-14 03:04:00"}
{"customer_id": "C59", "basket": [{"product_id": "P62", "price": 1309}], "date_of_purchase": "2019-02-14 18:23:00"}
{"customer_id": "C72", "basket": [{"product_id": "P59", "price": 359}], "date_of_purchase": "2019-02-14 06:12:00"}
{"customer_id": "C77", "basket": [{"product_id": "P46", "price": 1024}], "date_of_purchase": "2019-02-14 05:24:00"}
{"customer_id": "C82", "basket": [{"product_id": "P37", "price": 911}, {"product_id": "P39", "price": 99}], "date_of_purchase": "2019-02-14 09:30:00"}
{"customer_id": "C83", "basket": [{"product_id": "P07", "price": 1208}, {"product_id": "P06", "price": 1026}], "date_of_purchase": "2019-02-14 07:12:00"}
{"customer_id": "C85", "basket": [{"product_id": "P28", "price": 1517}, {"product_id": "P32", "price": 1119}], "date_of_purchase": "2019-02-14 19:09:00"}
{"customer_id": "C89", "basket": [{"product_id": "P45", "price": 339}, {"product_id": "P59", "price": 128}, {"product_id": "P42", "price": 1663}], "date_of_purchase": "2019-02-14 06:06:00"}
{"customer_id": "C90", "basket": [{"product_id": "P49", "price": 1760}, {"product_id": "P47", "price": 1618}, {"product_id": "P58", "price": 1388}], "date_of_purchase": "2019-02-14 19:06:00"}
{"customer_id": "C95", "basket": [{"product_id": "P21", "price": 1034}, {"product_id": "P15", "price": 1303}], "date_of_purchase": "2019-02-14 04:38:00"}
{"customer_id": "C97", "basket": [{"product_id": "P11", "price": 18}], "date_of_purchase": "2019-02-14 02:58:00"}
{"customer_id": "C98", "basket": [{"product_id": "P63", "price": 207}, {"product_id": "P61", "price": 1002}, {"product_id": "P64", "price": 1930}], "date_of_purchase": "2019-02-14 17:25:00"}
{"customer_id": "C102", "basket": [{"product_id": "P41", "price": 313}, {"product_id": "P50", "price": 71}], "date_of_purchase": "2019-02-14 19:24:00"}
{"customer_id": "C117", "basket": [{"product_id": "P05", "price": 1539}, {"product_id": "P12", "price": 1539}, {"product_id": "P04", "price": 1120}], "date_of_purchase": "2019-02-14 04:26:00"}
{"customer_id": "C126", "basket": [{"product_id": "P41", "price": 212}, {"product_id": "P60", "price": 1548}], "date_of_purchase": "2019-02-14 12:00:00"}
{"customer_id": "C135", "basket": [{"product_id": "P59", "price": 214}], "date_of_purchase": "2019-02-14 13:51:00"}
