{"customer_id": "C2", "basket": [{"product_id": "P07", "price": 584}], "date_of_purchase": "2018-12-11 12:20:00"}
{"customer_id": "C16", "basket": [{"product_id": "P47", "price": 1987}], "date_of_purchase": "2018-12-11 05:29:00"}
{"customer_id": "C19", "basket": [{"product_id": "P02", "price": 265}, {"product_id": "P11", "price": 646}, {"product_id": "P11", "price": 1751}], "date_of_purchase": "2018-12-11 09:43:00"}
{"customer_id": "C22", "basket": [{"product_id": "P49", "price": 1533}, {"product_id": "P60", "price": 1636}, {"product_id": "P47", "price": 1813}], "date_of_purchase": "2018-12-11 15:21:00"}
{"customer_id": "C28", "basket": [{"product_id": "P57", "price": 697}, {"product_id": "P46", "price": 816}], "date_of_purchase": "2018-12-11 09:24:00"}
{"customer_id": "C36", "basket": [{"product_id": "P58", "price": 1481}, {"product_id": "P46", "price": 449}, {"product_id": "P55", "price": 697}], "date_of_purchase": "2018-12-11 02:57:00"}
{"customer_id": "C41", "basket": [{"product_id": "P23", "price": 1382}, {"product_id": "P30", "price": 1424}], "date_of_purchase": "2018-12-11 09:08:00"}
{"customer_id": "C65", "basket": [{"product_id": "P37", "price": 82}, {"product_id": "P38", "price": 30}], "date_of_purchase": "2018-12-11 05:29:00"}
{"customer_id": "C67", "basket": [{"product_id": "P36", "price": 491}, {"product_id": "P38", "price": 770}, {"product_id": "P38", "price": 585}], "date_of_purchase": "2018-12-11 15:22:00"}
{"customer_id": "C79", "basket": [{"product_id": "P35", "price": 267}], "date_of_purchase": "2018-12-11 20:31:00"}
{"customer_id": "C94", "basket": [{"product_id": "P31", "price": 1309}], "date_of_purchase": "2018-12-11 19:16:00"}
{"customer_id": "C95", "basket": [{"product_id": "P15", "price": 1594}, {"product_id": "P13", "price": 1822}], "date_of_purchase": "2018-12-11 06:51:00"}
{"customer_id": "C99", "basket": [{"product_id": "P63", "price": 285}], "date_of_purchase": "2018-12-11 20:15:00"}
{"customer_id": "C106", "basket": [{"product_id": "P08", "price": 255}, {"product_id": "P11", "price": 1062}, {"product_id": "P12", "price": 1508}], "date_of_purchase": "2018-12-11 21:57:00"}
{"customer_id": "C113", "basket": [{"product_id": "P61", "price": 831}, {"product_id": "P64", "price": 448}], "date_of_purchase": "2018-12-11 03:20:00"}
{"customer_id": "C114", "basket": [{"product_id": "P30", "price": 1577}, {"product_id": "P33", "price": 1472}, {"product_id": "P22", "price": 1535}], "date_of_purchase": "2018-12-11 06:33:00"}
{"customer_id": "C117", "basket": [{"product_id": "P12", "price": 1503}, {"product_id": "P10", "price": 1535}, {"product_id": "P04", "price": 377}], "date_of_purchase": "2018-12-11 12:03:00"}
{"customer_id": "C118", "basket": [{"product_id": "P02", "price": 584}], "date_of_purchase": "2018-12-11 03:02:00"}
{"customer_id": "C119", "basket": [{"product_id": "P30", "price": 181}, {"product_id": "P34", "price": 1606}, {"product_id": "P28", "price": 314}], "date_of_purchase": "2018-12-11 12:09:00"}
{"customer_id": "C126", "basket": [{"product_id": "P47", "price": 699}, {"product_id": "P46", "price": 1475}], "date_of_purchase": "2018-12-11 22:40:00"}
{"customer_id": "C133", "basket": [{"product_id": "P35", "price": 891}, {"product_id": "P37", "price": 1054}, {"product_id": "P35", "price": 707}], "date_of_purchase": "2018-12-11 21:42:00"}
