{"customer_id": "C2", "basket": [{"product_id": "P20", "price": 1654}, {"product_id": "P18", "price": 894}, {"product_id": "P15", "price": 1833}], "date_of_purchase": "2019-01-27 18:34:00"}
{"customer_id": "C14", "basket": [{"product_id": "P29", "price": 155}], "date_of_purchase": "2019-01-27 19:28:00"}
{"customer_id": "C16", "basket": [{"product_id": "P39", "price": 1698}, {"product_id": "P38", "price": 1139}, {"product_id": "P38", "price": 1300}], "date_of_purchase": "2019-01-27 16:24:00"}
{"customer_id": "C28", "basket": [{"product_id": "P30", "price": 645}], "date_of_purchase": "2019-01-27 16:56:00"}
{"customer_id": "C34", "basket": [{"product_id": "P45", "price": 1891}, {"product_id": "P44", "price": 985}], "date_of_purchase": "2019-01-27 19:44:00"}
{"customer_id": "C49", "basket": [{"product_id": "P08", "price": 1205}, {"product_id": "P04", "price": 1147}, {"product_id": "P12", "price": 1875}], "date_of_purchase": "2019-01-27 13:58:00"}
{"customer_id": "C50", "basket": [{"product_id": "P22", "price": 261}, {"product_id": "P29", "price": 241}], "date_of_purchase": "2019-01-27 14:11:00"}
{"customer_id": "C51", "basket": [{"product_id": "P06", "price": 1}], "date_of_purchase": "2019-01-27 12:28:00"}
{"customer_id": "C52", "basket": [{"product_id": "P26", "price": 765}, {"product_id": "P28", "price": 252}, {"product_id": "P30", "price": 1238}], "date_of_purchase": "2019-01-27 07:12:00"}
{"customer_id": "C79", "basket": [{"product_id": "P35", "price": 1145}, {"product_id": "P36", "price": 666}, {"product_id": "P39", "price": 1820}], "date_of_purchase": "2019-01-27 11:30:00"}
{"customer_id": "C81", "basket": [{"product_id": "P32", "price": 472}, {"product_id": "P32", "price": 528}, {"product_id": "P25", "price": 803}], "date_of_purchase": "2019-01-27 07:26:00"}
{"customer_id": "C84", "basket": [{"product_id": "P06", "price": 1947}, {"product_id": "P03", "price": 1362}], "date_of_purchase": "2019-01-27 12:01:00"}
{"customer_id": "C87", "basket": [{"product_id": "P34", "price": 1643}], "date_of_purchase": "2019-01-27 10:53:00"}
{"customer_id": "C90", "basket": [{"product_id": "P30", "price": 1957}], "date_of_purchase": "2019-01-27 23:53:00"}
{"customer_id": "C91", "basket": [{"product_id": "P63", "price": 980}], "date_of_purchase": "2019-01-27 11:46:00"}
{"customer_id": "C95", "basket": [{"product_id": "P19", "price": 465}, {"product_id": "P20", "price": 311}, {"product_id": "P15", "price": 739}], "date_of_purchase": "2019-01-27 09:55:00"}
{"customer_id": "C100", "basket": [{"product_id": "P04", "price": 1975}, {"product_id": "P12", "price": 809}], "date_of_purchase": "2019-01-27 10:53:00"}
{"customer_id": "C102", "basket": [{"product_id": "P27", "price": 1162}, {"product_id": "P28", "price": 988}, {"product_id": "P26", "price": 1611}], "date_of_purchase": "2019-01-27 11:56:00"}
{"customer_id": "C103", "basket": [{"product_id": "P64", "price": 831}], "date_of_purchase": "2019-01-27 23:37:00"}
{"customer_id": "C109", "basket": [{"product_id": "P38", "price": 392}], "date_of_purchase": "2019-01-27 10:26:00"}
{"customer_id": "C117", "basket": [{"product_id": "P09", "price": 144}, {"product_id": "P09", "price": 1810}, {"product_id": "P10", "price": 1461}], "date_of_purchase": "2019-01-27 18:49:00"}
{"customer_id": "C119", "basket": [{"product_id": "P26", "price": 1090}, {"product_id": "P29", "price": 1877}], "date_of_purchase": "2019-01-27 06:54:00"}
{"customer_id": "C125", "basket": [{"product_id": "P38", "price": 1542}, {"product_id": "P37", "price": 1309}], "date_of_purchase": "2019-01-27 22:02:00"}
{"customer_id": "C126", "basket": [{"product_id": "P49", "price": 883}], "date_of_purchase": "2019-01-27 03:14:00"}
{"customer_id": "C127", "basket": [{"product_id": "P24", "price": 125}, {"product_id": "P33", "price": 999}], "date_of_purchase": "2019-01-27 03:52:00"}
{"customer_id": "C130", "basket": [{"product_id": "P38", "price": 797}], "date_of_purchase": "2019-01-27 05:37:00"}
{"customer_id": "C133", "basket": [{"product_id": "P36", "price": 69}], "date_of_purchase": "2019-01-27 08:17:00"}
