{"customer_id": "C12", "basket": [{"product_id": "P22", "price": 328}], "date_of_purchase": "2019-01-29 14:06:00"}
{"customer_id": "C13", "basket": [{"product_id": "P26", "price": 1808}], "date_of_purchase": "2019-01-29 23:05:00"}
{"customer_id": "C16", "basket": [{"product_id": "P39", "price": 270}, {"product_id": "P40", "price": 672}, {"product_id": "P36", "price": 794}], "date_of_purchase": "2019-01-29 07:31:00"}
{"customer_id": "C18", "basket": [{"product_id": "P27", "price": 1993}, {"product_id": "P32", "price": 401}], "date_of_purchase": "2019-01-29 19:04:00"}
{"customer_id": "C21", "basket": [{"product_id": "P61", "price": 1532}, {"product_id": "P62", "price": 743}], "date_of_purchase": "2019-01-29 05:21:00"}
{"customer_id": "C26", "basket": [{"product_id": "P13", "price": 188}], "date_of_purchase": "2019-01-29 06:01:00"}
{"customer_id": "C28", "basket": [{"product_id": "P55", "price": 1819}], "date_of_purchase": "2019-01-29 06:17:00"}
{"customer_id": "C31", "basket": [{"product_id": "P34", "price": 1848}], "date_of_purchase": "2019-01-29 13:08:00"}
{"customer_id": "C42", "basket": [{"product_id": "P37", "price": 1132}, {"product_id": "P36", "price": 1235}, {"product_id": "P35", "price": 1730}], "date_of_purchase": "2019-01-29 04:05:00"}
{"customer_id": "C44", "basket": [{"product_id": "P38", "price": 218}, {"product_id": "P40", "price": 1026}], "date_of_purchase": "2019-01-29 20:42:00"}
{"customer_id": "C48", "basket": [{"product_id": "P29", "price": 743}], "date_of_purchase": "2019-01-29 23:20:00"}
{"customer_id": "C49", "basket": [{"product_id": "P04", "price": 904}], "date_of_purchase": "2019-01-29 06:50:00"}
{"customer_id": "C50", "basket": [{"product_id": "P34", "price": 1212}, {"product_id": "P34", "price": 806}, {"product_id": "P29", "price": 782}], "date_of_purchase": "2019-01-29 19:04:00"}
{"customer_id": "C58", "basket": [{"product_id": "P40", "price": 606}, {"product_id": "P40", "price": 198}], "date_of_purchase": "2019-01-29 15:28:00"}
{"customer_id": "C67", "basket": [{"product_id": "P38", "price": 754}], "date_of_purchase": "2019-01-29 14:01:00"}
{"customer_id": "C73", "basket": [{"product_id": "P37", "price": 317}], "date_of_purchase": "2019-01-29 05:14:00"}
{"customer_id": "C74", "basket": [{"product_id": "P38", "price": 996}], "date_of_purchase": "2019-01-29 10:26:00"}
{"customer_id": "C79", "basket": [{"product_id": "P39", "price": 659}, {"product_id": "P37", "price": 469}], "date_of_purchase": "2019-01-29 03:35:00"}
{"customer_id": "C82", "basket": [{"product_id": "P40", "price": 302}, {"product_id": "P39", "price": 80}, {"product_id": "P38", "price": 934}], "date_of_purchase": "2019-01-29 06:40:00"}
{"customer_id": "C103", "basket": [{"product_id": "P37", "price": 1110}], "date_of_purchase": "2019-01-29 18:11:00"}
{"customer_id": "C107", "basket": [{"product_id": "P08", "price": 1567}, {"product_id": "P03", "price": 1785}, {"product_id": "P12", "price": 1776}], "date_of_purchase": "2019-01-29 09:42:00"}
{"customer_id": "C118", "basket": [{"product_id": "P02", "price": 1889}, {"product_id": "P01", "price": 1796}], "date_of_purchase": "2019-01-29 20:13:00"}
{"customer_id": "C123", "basket": [{"product_id": "P25", "price": 45}, {"product_id": "P27", "price": 119}], "date_of_purchase": "2019-01-29 12:44:00"}
