{"customer_id": "C9", "basket": [{"product_id": "P63", "price": 530}, {"product_id": "P63", "price": 1983}], "date_of_purchase": "2019-02-24 03:41:00"}
{"customer_id": "C13", "basket": [{"product_id": "P61", "price": 1390}, {"product_id": "P61", "price": 1329}], "date_of_purchase": "2019-02-24 14:45:00"}
{"customer_id": "C22", "basket": [{"product_id": "P51", "price": 1063}, {"product_id": "P56", "price": 1746}], "date_of_purchase": "2019-02-24 22:35:00"}
{"customer_id": "C40", "basket": [{"product_id": "P58", "price": 872}], "date_of_purchase": "2019-02-24 08:37:00"}
{"customer_id": "C44", "basket": [{"product_id": "P35", "price": 1092}, {"product_id": "P36", "price": 1025}], "date_of_purchase": "2019-02-24 14:02:00"}
{"customer_id": "C52", "basket": [{"product_id": "P34", "price": 1783}, {"product_id": "P22", "price": 164}, {"product_id": "P28", "price": 1509}], "date_of_purchase": "2019-02-24 14:23:00"}
{"customer_id": "C64", "basket": [{"product_id": "P09", "price": 1138}, {"product_id": "P10", "price": 1105}, {"product_id": "P05", "price": 1618}], "date_of_purchase": "2019-02-24 17:32:00"}
{"customer_id": "C65", "basket": [{"product_id": "P39", "price": 447}, {"product_id": "P37", "price": 930}], "date_of_purchase": "2019-02-24 20:08:00"}
{"customer_id": "C71", "basket": [{"product_id": "P57", "price": 148}, {"product_id": "P49", "price": 598}, {"product_id": "P59", "price": 1510}], "date_of_purchase": "2019-02-24 18:02:00"}
{"customer_id": "C76", "basket": [{"product_id": "P26", "price": 1829}, {"product_id": "P22", "price": 1538}, {"product_id": "P30", "price": 751}], "date_of_purchase": "2019-02-24 16:10:00"}
{"customer_id": "C89", "basket": [{"product_id": "P08", "price": 984}, {"product_id": "P12", "price": 203}, {"product_id": "P08", "price": 594}], "date_of_purchase": "2019-02-24 12:37:00"}
{"customer_id": "C102", "basket": [{"product_id": "P26", "price": 1795}, {"product_id": "P26", "price": 1225}], "date_of_purchase": "2019-02-24 18:43:00"}
{"customer_id": "C104", "basket": [{"product_id": "P35", "price": 325}, {"product_id": "P37", "price": 9}], "date_of_purchase": "2019-02-24 19:09:00"}
{"customer_id": "C109", "basket": [{"product_id": "P51", "price": 550}], "date_of_purchase": "2019-02-24 18:49:00"}
{"customer_id": "C119", "basket": [{"product_id": "P39", "price": 536}, {"product_id": "P38", "price": 1156}, {"product_id": "P36", "price": 1185}], "date_of_purchase": "2019-02-24 19:04:00"}
{"customer_id": "C136", "basket": [{"product_id": "P32", "price": 1431}, {"product_id": "P29", "price": 760}, {"product_id": "P29", "price": 993}], "date_of_purchase": "2019-02-24 10:51:00"}
{"customer_id": "C137", "basket": [{"product_id": "P61", "price": 1837}, {"product_id": "P64", "price": 1139}, {"product_id": "P63", "price": 697}], "date_of_purchase": "2019-02-24 08:56:00"}
