{"customer_id": "C2", "basket": [{"product_id": "P11", "price": 1414}], "date_of_purchase": "2019-02-28 04:59:00"}
{"customer_id": "C7", "basket": [{"product_id": "P60", "price": 579}], "date_of_purchase": "2019-02-28 14:10:00"}
{"customer_id": "C16", "basket": [{"product_id": "P35", "price": 1820}], "date_of_purchase": "2019-02-28 04:03:00"}
{"customer_id": "C28", "basket": [{"product_id": "P28", "price": 445}, {"product_id": "P25", "price": 1320}, {"product_id": "P32", "price": 642}], "date_of_purchase": "2019-02-28 10:50:00"}
{"customer_id": "C40", "basket": [{"product_id": "P51", "price": 1518}], "date_of_purchase": "2019-02-28 09:11:00"}
{"customer_id": "C51", "basket": [{"product_id": "P64", "price": 1367}, {"product_id": "P62", "price": 110}], "date_of_purchase": "2019-02-28 16:33:00"}
{"customer_id": "C52", "basket": [{"product_id": "P27", "price": 199}, {"product_id": "P27", "price": 1604}], "date_of_purchase": "2019-02-28 16:11:00"}
{"customer_id": "C54", "basket": [{"product_id": "P38", "price": 1246}, {"product_id": "P39", "price": 1892}], "date_of_purchase": "2019-02-28 09:04:00"}
{"customer_id": "C56", "basket": [{"product_id": "P24", "price": 242}, {"product_id": "P33", "price": 215}, {"product_id": "P25", "price": 811}], "date_of_purchase": "2019-02-28 06:57:00"}
{"customer_id": "C63", "basket": [{"product_id": "P48", "price": 1386}, {"product_id": "P42", "price": 646}], "date_of_purchase": "2019-02-28 18:36:00"}
{"customer_id": "C66", "basket": [{"product_id": "P35", "price": 1229}], "date_of_purchase": "2019-02-28 16:39:00"}
{"customer_id": "C67", "basket": [{"product_id": "P22", "price": 326}, {"product_id": "P28", "price": 1630}, {"product_id": "P27", "price": 250}], "date_of_purchase": "2019-02-28 19:01:00"}
{"customer_id": "C74", "basket": [{"product_id": "P40", "price": 1509}], "date_of_purchase": "2019-02-28 18:26:00"}
{"customer_id": "C80", "basket": [{"product_id": "P10", "price": 1507}, {"product_id": "P11", "price": 1487}], "date_of_purchase": "2019-02-28 10:41:00"}
{"customer_id": "C82", "basket": [{"product_id": "P36", "price": 1308}], "date_of_purchase": "2019-02-28 07:54:00"}
{"customer_id": "C91", "basket": [{"product_id": "P39", "price": 743}, {"product_id": "P37", "price": 1339}, {"product_id": "P37", "price": 1551}], "date_of_purchase": "2019-02-28 16:42:00"}
{"customer_id": "C98", "basket": [{"product_id": "P61", "price": 678}, {"product_id": "P63", "price": 1788}], "date_of_purchase": "2019-02-28 22:23:00"}
{"customer_id": "C125", "basket": [{"product_id": "P23", "price": 1748}, {"product_id": "P24", "price": 546}], "date_of_purchase": "2019-02-28 20:55:00"}
{"customer_id": "C126", "basket": [{"product_id": "P51", "price": 334}], "date_of_purchase": "2019-02-28 07:51:00"}
{"customer_id": "C127", "basket": [{"product_id": "P06", "price": 694}, {"product_id": "P07", "price": 267}], "date_of_purchase": "2019-02-28 08:10:00"}
{"customer_id": "C136", "basket": [{"product_id": "P60", "price": 749}, {"product_id": "P55", "price": 943}], "date_of_purchase": "2019-02-28 18:37:00"}
{"customer_id": "C137", "basket": [{"product_id": "P61", "price": 137}], "date_of_purchase": "2019-02-28 07:25:00"}
