{"customer_id": "C9", "basket": [{"product_id": "P25", "price": 1395}, {"product_id": "P33", "price": 1047}], "date_of_purchase": "2019-02-03 23:30:00"}
{"customer_id": "C11", "basket": [{"product_id": "P34", "price": 294}, {"product_id": "P24", "price": 938}], "date_of_purchase": "2019-02-03 12:59:00"}
{"customer_id": "C14", "basket": [{"product_id": "P28", "price": 277}, {"product_id": "P29", "price": 340}, {"product_id": "P31", "price": 1840}], "date_of_purchase": "2019-02-03 16:43:00"}
{"customer_id": "C15", "basket": [{"product_id": "P06", "price": 1920}, {"product_id": "P06", "price": 1237}], "date_of_purchase": "2019-02-03 06:55:00"}
{"customer_id": "C17", "basket": [{"product_id": "P39", "price": 1821}], "date_of_purchase": "2019-02-03 05:45:00"}
{"customer_id": "C28", "basket": [{"product_id": "P29", "price": 408}, {"product_id": "P27", "price": 1420}, {"product_id": "P31", "price": 711}], "date_of_purchase": "2019-02-03 11:38:00"}
{"customer_id": "C36", "basket": [{"product_id": "P12", "price": 1139}, {"product_id": "P08", "price": 1574}, {"product_id": "P11", "price": 293}], "date_of_purchase": "2019-02-03 07:20:00"}
{"customer_id": "C43", "basket": [{"product_id": "P33", "price": 1042}, {"product_id": "P26", "price": 72}, {"product_id": "P26", "price": 889}], "date_of_purchase": "2019-02-03 20:55:00"}
{"customer_id": "C59", "basket": [{"product_id": "P47", "price": 211}], "date_of_purchase": "2019-02-03 16:11:00"}
{"customer_id": "C65", "basket": [{"product_id": "P55", "price": 1220}, {"product_id": "P56", "price": 139}], "date_of_purchase": "2019-02-03 13:08:00"}
{"customer_id": "C74", "basket": [{"product_id": "P35", "price": 1030}], "date_of_purchase": "2019-02-03 03:00:00"}
{"customer_id": "C75", "basket": [{"product_id": "P55", "price": 1020}, {"product_id": "P60", "price": 1493}, {"product_id": "P44", "price": 838}], "date_of_purchase": "2019-02-03 22:12:00"}
{"customer_id": "C77", "basket": [{"product_id": "P18", "price": 1375}], "date_of_purchase": "2019-02-03 21:31:00"}
{"customer_id": "C81", "basket": [{"product_id": "P28", "price": 10}], "date_of_purchase": "2019-02-03 16:35:00"}
{"customer_id": "C93", "basket": [{"product_id": "P04", "price": 591}], "date_of_purchase": "2019-02-03 08:42:00"}
{"customer_id": "C95", "basket": [{"product_id": "P16", "price": 336}], "date_of_purchase": "2019-02-03 07:09:00"}
{"customer_id": "C109", "basket": [{"product_id": "P50", "price": 494}, {"product_id": "P45", "price": 209}], "date_of_purchase": "2019-02-03 09:24:00"}
{"customer_id": "C112", "basket": [{"product_id": "P10", "price": 1275}, {"product_id": "P06", "price": 1189}, {"product_id": "P02", "price": 1395}], "date_of_purchase": "2019-02-03 14:11:00"}
{"customer_id": "C117", "basket": [{"product_id": "P04", "price": 1031}, {"product_id": "P12", "price": 1606}, {"product_id": "P03", "price": 85}], "date_of_purchase": "2019-02-03 08:34:00"}
{"customer_id": "C119", "basket": [{"product_id": "P34", "price": 1599}, {"product_id": "P23", "price": 1154}, {"product_id": "P28", "price": 1140}], "date_of_purchase": "2019-02-03 17:04:00"}
{"customer_id": "C126", "basket": [{"product_id": "P60", "price": 1925}, {"product_id": "P45", "price": 1759}, {"product_id": "P46", "price": 953}], "date_of_purchase": "2019-02-03 23:49:00"}
