{"customer_id": "C7", "basket": [{"product_id": "P46", "price": 120}, {"product_id": "P51", "price": 1942}, {"product_id": "P45", "price": 1094}], "date_of_purchase": "2019-01-16 19:52:00"}
{"customer_id": "C13", "basket": [{"product_id": "P56", "price": 423}, {"product_id": "P41", "price": 314}], "date_of_purchase": "2019-01-16 23:09:00"}
{"customer_id": "C17", "basket": [{"product_id": "P61", "price": 1510}, {"product_id": "P61", "price": 827}], "date_of_purchase": "2019-01-16 06:16:00"}
{"customer_id": "C36", "basket": [{"product_id": "P53", "price": 716}], "date_of_purchase": "2019-01-16 07:42:00"}
{"customer_id": "C37", "basket": [{"product_id": "P39", "price": 1366}], "date_of_purchase": "2019-01-16 18:22:00"}
{"customer_id": "C39", "basket": [{"product_id": "P10", "price": 1941}, {"product_id": "P03", "price": 1940}], "date_of_purchase": "2019-01-16 07:28:00"}
{"customer_id": "C41", "basket": [{"product_id": "P50", "price": 1824}], "date_of_purchase": "2019-01-16 04:09:00"}
{"customer_id": "C42", "basket": [{"product_id": "P35", "price": 1957}], "date_of_purchase": "2019-01-16 17:48:00"}
{"customer_id": "C44", "basket": [{"product_id": "P36", "price": 1103}], "date_of_purchase": "2019-01-16 17:02:00"}
{"customer_id": "C49", "basket": [{"product_id": "P42", "price": 1789}], "date_of_purchase": "2019-01-16 08:17:00"}
{"customer_id": "C56", "basket": [{"product_id": "P24", "price": 940}], "date_of_purchase": "2019-01-16 16:45:00"}
{"customer_id": "C58", "basket": [{"product_id": "P38", "price": 1794}], "date_of_purchase": "2019-01-16 04:10:00"}
{"customer_id": "C66", "basket": [{"product_id": "P40", "price": 1529}], "date_of_purchase": "2019-01-16 05:14:00"}
{"customer_id": "C70", "basket": [{"product_id": "P37", "price": 824}], "date_of_purchase": "2019-01-16 08:50:00"}
{"customer_id": "C73", "basket": [{"product_id": "P37", "price": 483}], "date_of_purchase": "2019-01-16 08:52:00"}
{"customer_id": "C74", "basket": [{"product_id": "P40", "price": 1247}, {"product_id": "P36", "price": 1582}], "date_of_purchase": "2019-01-16 13:41:00"}
{"customer_id": "C77", "basket": [{"product_id": "P16", "price": 140}, {"product_id": "P16", "price": 1388}], "date_of_purchase": "2019-01-16 05:11:00"}
{"customer_id": "C84", "basket": [{"product_id": "P11", "price": 15}, {"product_id": "P02", "price": 275}], "date_of_purchase": "2019-01-16 18:45:00"}
{"customer_id": "C94", "basket": [{"product_id": "P31", "price": 700}], "date_of_purchase": "2019-01-16 06:19:00"}
{"customer_id": "C97", "basket": [{"product_id": "P42", "price": 1342}, {"product_id": "P45", "price": 1549}], "date_of_purchase": "2019-01-16 05:34:00"}
{"customer_id": "C104", "basket": [{"product_id": "P38", "price": 541}], "date_of_purchase": "2019-01-16 20:42:00"}
{"customer_id": "C122", "basket": [{"product_id": "P34", "price": 1421}], "date_of_purchase": "2019-01-16 07:19:00"}
{"customer_id": "C137", "basket": [{"product_id": "P61", "price": 1955}, {"product_id": "P62", "price": 1254}, {"product_id": "P62", "price": 1644}], "date_of_purchase": "2019-01-16 15:10:00"}
