{"customer_id": "C7", "basket": [{"product_id": "P41", "price": 1128}], "date_of_purchase": "2019-01-06 16:42:00"}
{"customer_id": "C9", "basket": [{"product_id": "P26", "price": 1864}, {"product_id": "P22", "price": 794}, {"product_id": "P22", "price": 761}], "date_of_purchase": "2019-01-06 03:27:00"}
{"customer_id": "C10", "basket": [{"product_id": "P36", "price": 210}, {"product_id": "P40", "price": 894}], "date_of_purchase": "2019-01-06 22:13:00"}
{"customer_id": "C11", "basket": [{"product_id": "P25", "price": 689}, {"product_id": "P33", "price": 607}], "date_of_purchase": "2019-01-06 11:34:00"}
{"customer_id": "C12", "basket": [{"product_id": "P01", "price": 720}, {"product_id": "P04", "price": 70}], "date_of_purchase": "2019-01-06 15:56:00"}
{"customer_id": "C14", "basket": [{"product_id": "P32", "price": 1487}], "date_of_purchase": "2019-01-06 10:50:00"}
{"customer_id": "C15", "basket": [{"product_id": "P59", "price": 1880}], "date_of_purchase": "2019-01-06 15:57:00"}
{"customer_id": "C28", "basket": [{"product_id": "P29", "price": 2}, {"product_id": "P25", "price": 365}, {"product_id": "P27", "price": 28}], "date_of_purchase": "2019-01-06 09:51:00"}
{"customer_id": "C41", "basket": [{"product_id": "P48", "price": 1610}, {"product_id": "P48", "price": 1909}], "date_of_purchase": "2019-01-06 14:46:00"}
{"customer_id": "C42", "basket": [{"product_id": "P36", "price": 1097}], "date_of_purchase": "2019-01-06 17:28:00"}
{"customer_id": "C48", "basket": [{"product_id": "P26", "price": 1767}, {"product_id": "P29", "price": 1536}], "date_of_purchase": "2019-01-06 13:45:00"}
{"customer_id": "C51", "basket": [{"product_id": "P09", "price": 1170}], "date_of_purchase": "2019-01-06 09:15:00"}
{"customer_id": "C61", "basket": [{"product_id": "P08", "price": 685}], "date_of_purchase": "2019-01-06 13:45:00"}
{"customer_id": "C68", "basket": [{"product_id": "P23", "price": 1995}, {"product_id": "P25", "price": 1364}, {"product_id": "P25", "price": 748}], "date_of_purchase": "2019-01-06 20:23:00"}
{"customer_id": "C74", "basket": [{"product_id": "P35", "price": 1216}, {"product_id": "P36", "price": 238}, {"product_id": "P37", "price": 1240}], "date_of_purchase": "2019-01-06 14:02:00"}
{"customer_id": "C75", "basket": [{"product_id": "P59", "price": 1145}, {"product_id": "P42", "price": 1614}], "date_of_purchase": "2019-01-06 05:46:00"}
{"customer_id": "C79", "basket": [{"product_id": "P36", "price": 1852}, {"product_id": "P36", "price": 1489}, {"product_id": "P37", "price": 934}], "date_of_purchase": "2019-01-06 14:44:00"}
{"customer_id": "C90", "basket": [{"product_id": "P35", "price": 417}, {"product_id": "P39", "price": 684}, {"product_id": "P35", "price": 1177}], "date_of_purchase": "2019-01-06 03:29:00"}
{"customer_id": "C95", "basket": [{"product_id": "P15", "price": 975}, {"product_id": "P16", "price": 794}, {"product_id": "P13", "price": 1855}], "date_of_purchase": "2019-01-06 23:49:00"}
{"customer_id": "C101", "basket": [{"product_id": "P39", "price": 401}, {"product_id": "P36", "price": 1126}, {"product_id": "P39", "price": 1943}], "date_of_purchase": "2019-01-06 08:25:00"}
{"customer_id": "C102", "basket": [{"product_id": "P25", "price": 1408}], "date_of_purchase": "2019-01-06 08:41:00"}
{"customer_id": "C103", "basket": [{"product_id": "P49", "price": 801}, {"product_id": "P55", "price": 1985}, {"product_id": "P59", "price": 515}], "date_of_purchase": "2019-01-06 07:38:00"}
{"customer_id": "C109", "basket": [{"product_id": "P40", "price": 113}, {"product_id": "P35", "price": 830}], "date_of_purchase": "2019-01-06 06:42:00"}
{"customer_id": "C110", "basket": [{"product_id": "P06", "price": 1807}, {"product_id": "P11", "price": 1834}, {"product_id": "P01", "price": 1326}], "date_of_purchase": "2019-01-06 07:35:00"}
{"customer_id": "C112", "basket": [{"product_id": "P37", "price": 192}, {"product_id": "P40", "price": 792}], "date_of_purchase": "2019-01-06 12:42:00"}
{"customer_id": "C113", "basket": [{"product_id": "P07", "price": 860}, {"product_id": "P03", "price": 1486}], "date_of_purchase": "2019-01-06 07:55:00"}
{"customer_id": "C117", "basket": [{"product_id": "P04", "price": 117}, {"product_id": "P03", "price": 1610}, {"product_id": "P02", "price": 199}], "date_of_purchase": "2019-01-06 06:01:00"}
{"customer_id": "C125", "basket": [{"product_id": "P31", "price": 1241}, {"product_id": "P31", "price": 776}], "date_of_purchase": "2019-01-06 06:19:00"}
{"customer_id": "C134", "basket": [{"product_id": "P36", "price": 1939}], "date_of_purchase": "2019-01-06 23:53:00"}
