{"customer_id": "C2", "basket": [{"product_id": "P19", "price": 1475}, {"product_id": "P21", "price": 1283}], "date_of_purchase": "2018-12-04 16:47:00"}
{"customer_id": "C7", "basket": [{"product_id": "P49", "price": 1738}, {"product_id": "P60", "price": 1918}], "date_of_purchase": "2018-12-04 08:11:00"}
{"customer_id": "C8", "basket": [{"product_id": "P04", "price": 6}], "date_of_purchase": "2018-12-04 20:20:00"}
{"customer_id": "C16", "basket": [{"product_id": "P36", "price": 1112}, {"product_id": "P36", "price": 1323}, {"product_id": "P39", "price": 480}], "date_of_purchase": "2018-12-04 15:14:00"}
{"customer_id": "C26", "basket": [{"product_id": "P34", "price": 272}, {"product_id": "P31", "price": 1367}], "date_of_purchase": "2018-12-04 19:57:00"}
{"customer_id": "C47", "basket": [{"product_id": "P31", "price": 803}, {"product_id": "P29", "price": 268}, {"product_id": "P26", "price": 536}], "date_of_purchase": "2018-12-04 14:04:00"}
{"customer_id": "C48", "basket": [{"product_id": "P31", "price": 1719}, {"product_id": "P26", "price": 1478}, {"product_id": "P28", "price": 1387}], "date_of_purchase": "2018-12-04 09:13:00"}
{"customer_id": "C49", "basket": [{"product_id": "P59", "price": 1639}, {"product_id": "P41", "price": 739}], "date_of_purchase": "2018-12-04 19:37:00"}
{"customer_id": "C63", "basket": [{"product_id": "P56", "price": 167}, {"product_id": "P55", "price": 1210}], "date_of_purchase": "2018-12-04 10:31:00"}
{"customer_id": "C66", "basket": [{"product_id": "P37", "price": 1037}, {"product_id": "P39", "price": 232}], "date_of_purchase": "2018-12-04 12:55:00"}
{"customer_id": "C67", "basket": [{"product_id": "P33", "price": 284}, {"product_id": "P31", "price": 1862}, {"product_id": "P33", "price": 1876}], "date_of_purchase": "2018-12-04 08:05:00"}
{"customer_id": "C80", "basket": [{"product_id": "P10", "price": 1523}, {"product_id": "P02", "price": 385}], "date_of_purchase": "2018-12-04 18:31:00"}
{"customer_id": "C83", "basket": [{"product_id": "P39", "price": 1236}, {"product_id": "P38", "price": 214}, {"product_id": "P37", "price": 333}], "date_of_purchase": "2018-12-04 02:54:00"}
{"customer_id": "C84", "basket": [{"product_id": "P35", "price": 220}], "date_of_purchase": "2018-12-04 10:52:00"}
{"customer_id": "C88", "basket": [{"product_id": "P08", "price": 1006}], "date_of_purchase": "2018-12-04 18:36:00"}
{"customer_id": "C93", "basket": [{"product_id": "P38", "price": 513}, {"product_id": "P38", "price": 786}], "date_of_purchase": "2018-12-04 07:52:00"}
{"customer_id": "C103", "basket": [{"product_id": "P38", "price": 1345}, {"product_id": "P36", "price": 1941}, {"product_id": "P35", "price": 608}], "date_of_purchase": "2018-12-04 06:38:00"}
{"customer_id": "C109", "basket": [{"product_id": "P48", "price": 1261}], "date_of_purchase": "2018-12-04 21:56:00"}
{"customer_id": "C112", "basket": [{"product_id": "P64", "price": 541}], "date_of_purchase": "2018-12-04 21:15:00"}
{"customer_id": "C113", "basket": [{"product_id": "P06", "price": 102}, {"product_id": "P01", "price": 141}, {"product_id": "P08", "price": 415}], "date_of_purchase": "2018-12-04 23:19:00"}
{"customer_id": "C116", "basket": [{"product_id": "P38", "price": 1111}], "date_of_purchase": "2018-12-04 06:57:00"}
{"customer_id": "C117", "basket": [{"product_id": "P11", "price": 48}, {"product_id": "P01", "price": 1905}], "date_of_purchase": "2018-12-04 16:33:00"}
{"customer_id": "C119", "basket": [{"product_id": "P64", "price": 1205}, {"product_id": "P61", "price": 888}], "date_of_purchase": "2018-12-04 17:38:00"}
{"customer_id": "C126", "basket": [{"product_id": "P46", "price": 1910}, {"product_id": "P60", "price": 54}], "date_of_purchase": "2018-12-04 09:09:00"}
{"customer_id": "C131", "basket": [{"product_id": "P39", "price": 966}], "date_of_purchase": "2018-12-04 05:30:00"}
