{"customer_id": "C1", "basket": [{"product_id": "P02", "price": 896}], "date_of_purchase": "2019-01-10 11:52:00"}
{"customer_id": "C8", "basket": [{"product_id": "P07", "price": 1494}, {"product_id": "P01", "price": 1017}, {"product_id": "P10", "price": 1700}], "date_of_purchase": "2019-01-10 05:56:00"}
{"customer_id": "C13", "basket": [{"product_id": "P62", "price": 937}, {"product_id": "P63", "price": 100}, {"product_id": "P63", "price": 1888}], "date_of_purchase": "2019-01-10 04:55:00"}
{"customer_id": "C15", "basket": [{"product_id": "P44", "price": 1673}, {"product_id": "P60", "price": 1853}], "date_of_purchase": "2019-01-10 11:22:00"}
{"customer_id": "C19", "basket": [{"product_id": "P58", "price": 785}, {"product_id": "P48", "price": 1702}], "date_of_purchase": "2019-01-10 22:15:00"}
{"customer_id": "C27", "basket": [{"product_id": "P38", "price": 1951}], "date_of_purchase": "2019-01-10 22:08:00"}
{"customer_id": "C36", "basket": [{"product_id": "P12", "price": 26}, {"product_id": "P05", "price": 990}, {"product_id": "P05", "price": 1694}], "date_of_purchase": "2019-01-10 22:31:00"}
{"customer_id": "C58", "basket": [{"product_id": "P06", "price": 467}, {"product_id": "P01", "price": 65}, {"product_id": "P08", "price": 350}], "date_of_purchase": "2019-01-10 21:43:00"}
{"customer_id": "C63", "basket": [{"product_id": "P53", "price": 1895}, {"product_id": "P56", "price": 415}], "date_of_purchase": "2019-01-10 21:17:00"}
{"customer_id": "C71", "basket": [{"product_id": "P40", "price": 479}, {"product_id": "P36", "price": 1071}], "date_of_purchase": "2019-01-10 13:23:00"}
{"customer_id": "C72", "basket": [{"product_id": "P51", "price": 1676}], "date_of_purchase": "2019-01-10 18:09:00"}
{"customer_id": "C73", "basket": [{"product_id": "P06", "price": 1031}, {"product_id": "P01", "price": 124}], "date_of_purchase": "2019-01-10 04:51:00"}
{"customer_id": "C78", "basket": [{"product_id": "P37", "price": 484}], "date_of_purchase": "2019-01-10 04:35:00"}
{"customer_id": "C81", "basket": [{"product_id": "P26", "price": 1807}, {"product_id": "P31", "price": 1908}, {"product_id": "P34", "price": 96}], "date_of_purchase": "2019-01-10 15:07:00"}
{"customer_id": "C83", "basket": [{"product_id": "P11", "price": 1581}], "date_of_purchase": "2019-01-10 23:08:00"}
{"customer_id": "C89", "basket": [{"product_id": "P08", "price": 1587}, {"product_id": "P12", "price": 263}, {"product_id": "P02", "price": 1137}], "date_of_purchase": "2019-01-10 20:16:00"}
{"customer_id": "C109", "basket": [{"product_id": "P06", "price": 928}, {"product_id": "P02", "price": 1102}, {"product_id": "P09", "price": 1558}], "date_of_purchase": "2019-01-10 14:45:00"}
{"customer_id": "C113", "basket": [{"product_id": "P10", "price": 975}, {"product_id": "P03", "price": 1344}], "date_of_purchase": "2019-01-10 18:29:00"}
{"customer_id": "C118", "basket": [{"product_id": "P02", "price": 819}, {"product_id": "P01", "price": 156}], "date_of_purchase": "2019-01-10 09:37:00"}
{"customer_id": "C119", "basket": [{"product_id": "P30", "price": 1085}, {"product_id": "P23", "price": 1666}, {"product_id": "P29", "price": 1012}], "date_of_purchase": "2019-01-10 21:21:00"}
{"customer_id": "C125", "basket": [{"product_id": "P35", "price": 1120}], "date_of_purchase": "2019-01-10 06:20:00"}
{"customer_id": "C132", "basket": [{"product_id": "P36", "price": 1095}, {"product_id": "P40", "price": 1405}], "date_of_purchase": "2019-01-10 07:49:00"}
{"customer_id": "C134", "basket": [{"product_id": "P37", "price": 1131}], "date_of_purchase": "2019-01-10 19:28:00"}
{"customer_id": "C136", "basket": [{"product_id": "P39", "price": 1802}, {"product_id": "P37", "price": 668}], "date_of_purchase": "2019-01-10 10:37:00"}
