{"customer_id": "C12", "basket": [{"product_id": "P17", "price": 1639}, {"product_id": "P21", "price": 1850}, {"product_id": "P18", "price": 469}], "date_of_purchase": "2018-12-21 15:47:00"}
{"customer_id": "C27", "basket": [{"product_id": "P35", "price": 1570}, {"product_id": "P37", "price": 1085}, {"product_id": "P37", "price": 496}], "date_of_purchase": "2018-12-21 09:02:00"}
{"customer_id": "C28", "basket": [{"product_id": "P59", "price": 353}, {"product_id": "P48", "price": 378}], "date_of_purchase": "2018-12-21 18:30:00"}
{"customer_id": "C50", "basket": [{"product_id": "P23", "price": 324}], "date_of_purchase": "2018-12-21 17:01:00"}
{"customer_id": "C52", "basket": [{"product_id": "P28", "price": 470}, {"product_id": "P24", "price": 296}], "date_of_purchase": "2018-12-21 21:16:00"}
{"customer_id": "C58", "basket": [{"product_id": "P61", "price": 1844}], "date_of_purchase": "2018-12-21 20:22:00"}
{"customer_id": "C63", "basket": [{"product_id": "P37", "price": 623}, {"product_id": "P38", "price": 887}], "date_of_purchase": "2018-12-21 20:40:00"}
{"customer_id": "C74", "basket": [{"product_id": "P38", "price": 1778}, {"product_id": "P38", "price": 80}], "date_of_purchase": "2018-12-21 20:26:00"}
{"customer_id": "C75", "basket": [{"product_id": "P42", "price": 268}, {"product_id": "P42", "price": 1679}, {"product_id": "P44", "price": 1633}], "date_of_purchase": "2018-12-21 07:37:00"}
{"customer_id": "C78", "basket": [{"product_id": "P36", "price": 1222}, {"product_id": "P37", "price": 20}], "date_of_purchase": "2018-12-21 18:34:00"}
{"customer_id": "C81", "basket": [{"product_id": "P24", "price": 613}, {"product_id": "P22", "price": 1447}], "date_of_purchase": "2018-12-21 12:05:00"}
{"customer_id": "C85", "basket": [{"product_id": "P35", "price": 1118}, {"product_id": "P37", "price": 43}, {"product_id": "P40", "price": 1585}], "date_of_purchase": "2018-12-21 23:47:00"}
{"customer_id": "C91", "basket": [{"product_id": "P38", "price": 436}, {"product_id": "P36", "price": 1503}, {"product_id": "P40", "price": 1222}], "date_of_purchase": "2018-12-21 22:28:00"}
{"customer_id": "C97", "basket": [{"product_id": "P01", "price": 399}, {"product_id": "P06", "price": 1287}, {"product_id": "P02", "price": 861}], "date_of_purchase": "2018-12-21 07:01:00"}
{"customer_id": "C102", "basket": [{"product_id": "P50", "price": 666}], "date_of_purchase": "2018-12-21 05:53:00"}
{"customer_id": "C103", "basket": [{"product_id": "P64", "price": 1875}, {"product_id": "P62", "price": 1997}], "date_of_purchase": "2018-12-21 14:11:00"}
{"customer_id": "C105", "basket": [{"product_id": "P49", "price": 532}], "date_of_purchase": "2018-12-21 17:56:00"}
{"customer_id": "C113", "basket": [{"product_id": "P02", "price": 388}, {"product_id": "P12", "price": 1183}, {"product_id": "P01", "price": 118}], "date_of_purchase": "2018-12-21 14:39:00"}
{"customer_id": "C117", "basket": [{"product_id": "P01", "price": 599}], "date_of_purchase": "2018-12-21 10:58:00"}
{"customer_id": "C126", "basket": [{"product_id": "P44", "price": 1162}, {"product_id": "P60", "price": 143}, {"product_id": "P54", "price": 678}], "date_of_purchase": "2018-12-21 03:31:00"}
{"customer_id": "C128", "basket": [{"product_id": "P44", "price": 1577}, {"product_id": "P50", "price": 1383}], "date_of_purchase": "2018-12-21 18:09:00"}
{"customer_id": "C136", "basket": [{"product_id": "P48", "price": 1233}, {"product_id": "P45", "price": 857}, {"product_id": "P51", "price": 540}], "date_of_purchase": "2018-12-21 12:03:00"}
{"customer_id": "C137", "basket": [{"product_id": "P62", "price": 1592}, {"product_id": "P64", "price": 986}], "date_of_purchase": "2018-12-21 20:16:00"}
