{"customer_id": "C3", "basket": [{"product_id": "P11", "price": 650}], "date_of_purchase": "2018-12-02 09:05:00"}
{"customer_id": "C6", "basket": [{"product_id": "P36", "price": 78}, {"product_id": "P35", "price": 1434}, {"product_id": "P40", "price": 431}], "date_of_purchase": "2018-12-02 09:46:00"}
{"customer_id": "C7", "basket": [{"product_id": "P45", "price": 994}], "date_of_purchase": "2018-12-02 14:42:00"}
{"customer_id": "C16", "basket": [{"product_id": "P36", "price": 931}, {"product_id": "P39", "price": 1943}, {"product_id": "P35", "price": 348}], "date_of_purchase": "2018-12-02 06:19:00"}
{"customer_id": "C27", "basket": [{"product_id": "P38", "price": 1434}, {"product_id": "P37", "price": 1353}, {"product_id": "P37", "price": 255}], "date_of_purchase": "2018-12-02 13:30:00"}
{"customer_id": "C30", "basket": [{"product_id": "P31", "price": 1729}, {"product_id": "P33", "price": 1586}], "date_of_purchase": "2018-12-02 18:02:00"}
{"customer_id": "C43", "basket": [{"product_id": "P25", "price": 551}], "date_of_purchase": "2018-12-02 09:18:00"}
{"customer_id": "C46", "basket": [{"product_id": "P32", "price": 507}, {"product_id": "P34", "price": 1596}, {"product_id": "P30", "price": 637}], "date_of_purchase": "2018-12-02 06:55:00"}
{"customer_id": "C51", "basket": [{"product_id": "P63", "price": 1370}], "date_of_purchase": "2018-12-02 23:17:00"}
{"customer_id": "C61", "basket": [{"product_id": "P08", "price": 1432}], "date_of_purchase": "2018-12-02 14:26:00"}
{"customer_id": "C63", "basket": [{"product_id": "P45", "price": 1396}], "date_of_purchase": "2018-12-02 16:15:00"}
{"customer_id": "C73", "basket": [{"product_id": "P38", "price": 397}, {"product_id": "P38", "price": 1700}, {"product_id": "P35", "price": 775}], "date_of_purchase": "2018-12-02 14:40:00"}
{"customer_id": "C84", "basket": [{"product_id": "P40", "price": 893}, {"product_id": "P39", "price": 1961}, {"product_id": "P37", "price": 40}], "date_of_purchase": "2018-12-02 12:55:00"}
{"customer_id": "C95", "basket": [{"product_id": "P15", "price": 37}, {"product_id": "P20", "price": 856}], "date_of_purchase": "2018-12-02 20:00:00"}
{"customer_id": "C113", "basket": [{"product_id": "P63", "price": 414}, {"product_id": "P64", "price": 904}], "date_of_purchase": "2018-12-02 16:20:00"}
{"customer_id": "C119", "basket": [{"product_id": "P33", "price": 1277}, {"product_id": "P30", "price": 1478}, {"product_id": "P31", "price": 1267}], "date_of_purchase": "2018-12-02 10:09:00"}
{"customer_id": "C120", "basket": [{"product_id": "P28", "price": 607}, {"product_id": "P27", "price": 1945}, {"product_id": "P23", "price": 201}], "date_of_purchase": "2018-12-02 19:09:00"}
{"customer_id": "C126", "basket": [{"product_id": "P46", "price": 1242}, {"product_id": "P52", "price": 1915}, {"product_id": "P54", "price": 954}], "date_of_purchase": "2018-12-02 05:40:00"}
{"customer_id": "C131", "basket": [{"product_id": "P36", "price": 1602}], "date_of_purchase": "2018-12-02 14:27:00"}
