{"customer_id": "C9", "basket": [{"product_id": "P40", "price": 207}, {"product_id": "P36", "price": 1102}], "date_of_purchase": "2019-01-05 19:50:00"}
{"customer_id": "C13", "basket": [{"product_id": "P56", "price": 1755}, {"product_id": "P49", "price": 736}], "date_of_purchase": "2019-01-05 04:12:00"}
{"customer_id": "C14", "basket": [{"product_id": "P34", "price": 453}, {"product_id": "P34", "price": 1638}, {"product_id": "P25", "price": 1769}], "date_of_purchase": "2019-01-05 23:06:00"}
{"customer_id": "C18", "basket": [{"product_id": "P38", "price": 1905}, {"product_id": "P38", "price": 1260}], "date_of_purchase": "2019-01-05 21:29:00"}
{"customer_id": "C19", "basket": [{"product_id": "P34", "price": 90}], "date_of_purchase": "2019-01-05 20:10:00"}
{"customer_id": "C22", "basket": [{"product_id": "P24", "price": 981}], "date_of_purchase": "2019-01-05 08:44:00"}
{"customer_id": "C23", "basket": [{"product_id": "P08", "price": 1455}, {"product_id": "P06", "price": 210}, {"product_id": "P11", "price": 1619}], "date_of_purchase": "2019-01-05 12:56:00"}
{"customer_id": "C25", "basket": [{"product_id": "P62", "price": 350}, {"product_id": "P62", "price": 1671}, {"product_id": "P64", "price": 226}], "date_of_purchase": "2019-01-05 10:55:00"}
{"customer_id": "C33", "basket": [{"product_id": "P12", "price": 1028}], "date_of_purchase": "2019-01-05 05:09:00"}
{"customer_id": "C36", "basket": [{"product_id": "P10", "price": 1316}, {"product_id": "P02", "price": 63}, {"product_id": "P11", "price": 1878}], "date_of_purchase": "2019-01-05 08:38:00"}
{"customer_id": "C40", "basket": [{"product_id": "P41", "price": 1439}], "date_of_purchase": "2019-01-05 12:33:00"}
{"customer_id": "C41", "basket": [{"product_id": "P30", "price": 1694}, {"product_id": "P23", "price": 16}], "date_of_purchase": "2019-01-05 09:19:00"}
{"customer_id": "C49", "basket": [{"product_id": "P04", "price": 122}], "date_of_purchase": "2019-01-05 22:02:00"}
{"customer_id": "C50", "basket": [{"product_id": "P23", "price": 1168}], "date_of_purchase": "2019-01-05 22:44:00"}
{"customer_id": "C57", "basket": [{"product_id": "P41", "price": 741}], "date_of_purchase": "2019-01-05 11:16:00"}
{"customer_id": "C66", "basket": [{"product_id": "P40", "price": 1219}], "date_of_purchase": "2019-01-05 15:57:00"}
{"customer_id": "C68", "basket": [{"product_id": "P23", "price": 330}, {"product_id": "P29", "price": 1634}, {"product_id": "P32", "price": 668}], "date_of_purchase": "2019-01-05 05:46:00"}
{"customer_id": "C71", "basket": [{"product_id": "P37", "price": 1073}, {"product_id": "P35", "price": 558}], "date_of_purchase": "2019-01-05 06:48:00"}
{"customer_id": "C77", "basket": [{"product_id": "P50", "price": 757}, {"product_id": "P53", "price": 749}], "date_of_purchase": "2019-01-05 12:51:00"}
{"customer_id": "C92", "basket": [{"product_id": "P19", "price": 1646}, {"product_id": "P14", "price": 463}, {"product_id": "P15", "price": 373}], "date_of_purchase": "2019-01-05 09:59:00"}
{"customer_id": "C100", "basket": [{"product_id": "P08", "price": 1226}], "date_of_purchase": "2019-01-05 13:55:00"}
{"customer_id": "C118", "basket": [{"product_id": "P35", "price": 1396}, {"product_id": "P39", "price": 81}], "date_of_purchase": "2019-01-05 21:41:00"}
{"customer_id": "C122", "basket": [{"product_id": "P28", "price": 1216}, {"product_id": "P24", "price": 608}], "date_of_purchase": "2019-01-05 05:35:00"}
{"customer_id": "C126", "basket": [{"product_id": "P46", "price": 1563}], "date_of_purchase": "2019-01-05 23:22:00"}
{"customer_id": "C129", "basket": [{"product_id": "P62", "price": 1171}], "date_of_purchase": "2019-01-05 11:04:00"}
{"customer_id": "C134", "basket": [{"product_id": "P39", "price": 405}, {"product_id": "P40", "price": 544}, {"product_id": "P38", "price": 348}], "date_of_purchase": "2019-01-05 13:57:00"}
