{"customer_id": "C6", "basket": [{"product_id": "P46", "price": 726}], "date_of_purchase": "2018-12-17 17:36:00"}
{"customer_id": "C7", "basket": [{"product_id": "P49", "price": 165}, {"product_id": "P51", "price": 558}], "date_of_purchase": "2018-12-17 11:50:00"}
{"customer_id": "C9", "basket": [{"product_id": "P39", "price": 1022}, {"product_id": "P39", "price": 639}, {"product_id": "P40", "price": 25}], "date_of_purchase": "2018-12-17 04:34:00"}
{"customer_id": "C13", "basket": [{"product_id": "P25", "price": 478}], "date_of_purchase": "2018-12-17 13:29:00"}
{"customer_id": "C16", "basket": [{"product_id": "P58", "price": 242}, {"product_id": "P47", "price": 1832}], "date_of_purchase": "2018-12-17 12:05:00"}
{"customer_id": "C22", "basket": [{"product_id": "P23", "price": 330}, {"product_id": "P22", "price": 209}], "date_of_purchase": "2018-12-17 18:41:00"}
{"customer_id": "C27", "basket": [{"product_id": "P38", "price": 1066}, {"product_id": "P36", "price": 972}], "date_of_purchase": "2018-12-17 12:54:00"}
{"customer_id": "C32", "basket": [{"product_id": "P64", "price": 1352}, {"product_id": "P64", "price": 1655}], "date_of_purchase": "2018-12-17 23:33:00"}
{"customer_id": "C36", "basket": [{"product_id": "P24", "price": 1200}, {"product_id": "P29", "price": 1537}], "date_of_purchase": "2018-12-17 19:59:00"}
{"customer_id": "C43", "basket": [{"product_id": "P03", "price": 1984}, {"product_id": "P05", "price": 1350}, {"product_id": "P05", "price": 108}], "date_of_purchase": "2018-12-17 15:20:00"}
{"customer_id": "C56", "basket": [{"product_id": "P28", "price": 1489}, {"product_id": "P24", "price": 1928}, {"product_id": "P26", "price": 374}], "date_of_purchase": "2018-12-17 16:08:00"}
{"customer_id": "C58", "basket": [{"product_id": "P05", "price": 1079}], "date_of_purchase": "2018-12-17 09:33:00"}
{"customer_id": "C63", "basket": [{"product_id": "P50", "price": 1718}, {"product_id": "P45", "price": 1566}, {"product_id": "P47", "price": 822}], "date_of_purchase": "2018-12-17 15:59:00"}
{"customer_id": "C81", "basket": [{"product_id": "P29", "price": 1744}, {"product_id": "P34", "price": 1844}, {"product_id": "P34", "price": 1650}], "date_of_purchase": "2018-12-17 17:23:00"}
{"customer_id": "C84", "basket": [{"product_id": "P37", "price": 396}, {"product_id": "P37", "price": 1154}], "date_of_purchase": "2018-12-17 14:39:00"}
{"customer_id": "C91", "basket": [{"product_id": "P26", "price": 1628}, {"product_id": "P29", "price": 438}], "date_of_purchase": "2018-12-17 18:19:00"}
{"customer_id": "C93", "basket": [{"product_id": "P44", "price": 1997}], "date_of_purchase": "2018-12-17 22:47:00"}
{"customer_id": "C96", "basket": [{"product_id": "P15", "price": 1176}, {"product_id": "P16", "price": 193}, {"product_id": "P15", "price": 847}], "date_of_purchase": "2018-12-17 15:27:00"}
{"customer_id": "C98", "basket": [{"product_id": "P61", "price": 236}], "date_of_purchase": "2018-12-17 07:16:00"}
{"customer_id": "C102", "basket": [{"product_id": "P50", "price": 704}, {"product_id": "P44", "price": 489}, {"product_id": "P54", "price": 399}], "date_of_purchase": "2018-12-17 08:38:00"}
{"customer_id": "C106", "basket": [{"product_id": "P34", "price": 384}, {"product_id": "P33", "price": 1624}], "date_of_purchase": "2018-12-17 13:27:00"}
{"customer_id": "C108", "basket": [{"product_id": "P43", "price": 161}, {"product_id": "P54", "price": 510}, {"product_id": "P60", "price": 981}], "date_of_purchase": "2018-12-17 14:23:00"}
{"customer_id": "C117", "basket": [{"product_id": "P05", "price": 1833}, {"product_id": "P08", "price": 812}, {"product_id": "P08", "price": 442}], "date_of_purchase": "2018-12-17 03:45:00"}
{"customer_id": "C118", "basket": [{"product_id": "P03", "price": 1409}, {"product_id": "P03", "price": 603}, {"product_id": "P08", "price": 1738}], "date_of_purchase": "2018-12-17 23:45:00"}
{"customer_id": "C119", "basket": [{"product_id": "P64", "price": 1097}], "date_of_purchase": "2018-12-17 17:36:00"}
{"customer_id": "C121", "basket": [{"product_id": "P62", "price": 1138}, {"product_id": "P63", "price": 40}, {"product_id": "P62", "price": 1447}], "date_of_purchase": "2018-12-17 19:37:00"}
{"customer_id": "C131", "basket": [{"product_id": "P40", "price": 597}], "date_of_purchase": "2018-12-17 19:28:00"}
{"customer_id": "C132", "basket": [{"product_id": "P40", "price": 1864}, {"product_id": "P40", "price": 1962}], "date_of_purchase": "2018-12-17 07:56:00"}
