{"customer_id": "C20", "basket": [{"product_id": "P30", "price": 1115}], "date_of_purchase": "2019-02-25 06:15:00"}
{"customer_id": "C27", "basket": [{"product_id": "P39", "price": 601}, {"product_id": "P37", "price": 1817}, {"product_id": "P40", "price": 1781}], "date_of_purchase": "2019-02-25 07:57:00"}
{"customer_id": "C28", "basket": [{"product_id": "P28", "price": 1294}, {"product_id": "P22", "price": 1443}, {"product_id": "P34", "price": 1120}], "date_of_purchase": "2019-02-25 11:40:00"}
{"customer_id": "C30", "basket": [{"product_id": "P35", "price": 1258}, {"product_id": "P38", "price": 769}, {"product_id": "P38", "price": 863}], "date_of_purchase": "2019-02-25 22:28:00"}
{"customer_id": "C41", "basket": [{"product_id": "P45", "price": 725}, {"product_id": "P58", "price": 1890}, {"product_id": "P47", "price": 70}], "date_of_purchase": "2019-02-25 07:40:00"}
{"customer_id": "C45", "basket": [{"product_id": "P42", "price": 244}, {"product_id": "P47", "price": 281}], "date_of_purchase": "2019-02-25 08:30:00"}
{"customer_id": "C47", "basket": [{"product_id": "P19", "price": 1787}, {"product_id": "P16", "price": 1510}, {"product_id": "P21", "price": 932}], "date_of_purchase": "2019-02-25 07:52:00"}
{"customer_id": "C62", "basket": [{"product_id": "P30", "price": 1375}, {"product_id": "P32", "price": 1526}], "date_of_purchase": "2019-02-25 13:41:00"}
{"customer_id": "C66", "basket": [{"product_id": "P38", "price": 705}, {"product_id": "P37", "price": 1071}, {"product_id": "P39", "price": 744}], "date_of_purchase": "2019-02-25 10:49:00"}
{"customer_id": "C67", "basket": [{"product_id": "P55", "price": 1396}], "date_of_purchase": "2019-02-25 09:06:00"}
{"customer_id": "C73", "basket": [{"product_id": "P38", "price": 1576}, {"product_id": "P38", "price": 689}, {"product_id": "P38", "price": 745}], "date_of_purchase": "2019-02-25 20:02:00"}
{"customer_id": "C77", "basket": [{"product_id": "P44", "price": 1416}], "date_of_purchase": "2019-02-25 11:10:00"}
{"customer_id": "C82", "basket": [{"product_id": "P02", "price": 631}, {"product_id": "P05", "price": 1398}, {"product_id": "P07", "price": 410}], "date_of_purchase": "2019-02-25 05:24:00"}
{"customer_id": "C84", "basket": [{"product_id": "P07", "price": 585}, {"product_id": "P11", "price": 270}, {"product_id": "P07", "price": 347}], "date_of_purchase": "2019-02-25 14:37:00"}
{"customer_id": "C95", "basket": [{"product_id": "P16", "price": 1295}, {"product_id": "P13", "price": 837}], "date_of_purchase": "2019-02-25 06:18:00"}
{"customer_id": "C107", "basket": [{"product_id": "P12", "price": 1835}, {"product_id": "P09", "price": 1010}, {"product_id": "P01", "price": 1009}], "date_of_purchase": "2019-02-25 21:47:00"}
{"customer_id": "C118", "basket": [{"product_id": "P33", "price": 90}, {"product_id": "P29", "price": 293}], "date_of_purchase": "2019-02-25 16:50:00"}
{"customer_id": "C119", "basket": [{"product_id": "P37", "price": 971}, {"product_id": "P40", "price": 1502}], "date_of_purchase": "2019-02-25 10:34:00"}
{"customer_id": "C124", "basket": [{"product_id": "P32", "price": 641}], "date_of_purchase": "2019-02-25 11:04:00"}
{"customer_id": "C125", "basket": [{"product_id": "P32", "price": 541}], "date_of_purchase": "2019-02-25 13:44:00"}
{"customer_id": "C133", "basket": [{"product_id": "P38", "price": 36}, {"product_id": "P38", "price": 132}, {"product_id": "P38", "price": 867}], "date_of_purchase": "2019-02-25 04:02:00"}
