{"customer_id": "C9", "basket": [{"product_id": "P39", "price": 120}, {"product_id": "P38", "price": 1084}], "date_of_purchase": "2019-01-20 16:08:00"}
{"customer_id": "C10", "basket": [{"product_id": "P02", "price": 1914}, {"product_id": "P02", "price": 53}, {"product_id": "P12", "price": 782}], "date_of_purchase": "2019-01-20 13:22:00"}
{"customer_id": "C22", "basket": [{"product_id": "P27", "price": 1130}, {"product_id": "P33", "price": 187}, {"product_id": "P28", "price": 401}], "date_of_purchase": "2019-01-20 10:39:00"}
{"customer_id": "C25", "basket": [{"product_id": "P64", "price": 98}], "date_of_purchase": "2019-01-20 23:12:00"}
{"customer_id": "C28", "basket": [{"product_id": "P22", "price": 46}], "date_of_purchase": "2019-01-20 15:27:00"}
{"customer_id": "C31", "basket": [{"product_id": "P57", "price": 1560}], "date_of_purchase": "2019-01-20 04:49:00"}
{"customer_id": "C36", "basket": [{"product_id": "P05", "price": 504}], "date_of_purchase": "2019-01-20 20:33:00"}
{"customer_id": "C50", "basket": [{"product_id": "P06", "price": 23}], "date_of_purchase": "2019-01-20 04:36:00"}
{"customer_id": "C51", "basket": [{"product_id": "P61", "price": 1736}, {"product_id": "P63", "price": 381}, {"product_id": "P63", "price": 946}], "date_of_purchase": "2019-01-20 05:45:00"}
{"customer_id": "C52", "basket": [{"product_id": "P31", "price": 999}, {"product_id": "P26", "price": 996}], "date_of_purchase": "2019-01-20 05:46:00"}
{"customer_id": "C55", "basket": [{"product_id": "P61", "price": 1791}, {"product_id": "P64", "price": 170}, {"product_id": "P63", "price": 1643}], "date_of_purchase": "2019-01-20 21:41:00"}
{"customer_id": "C58", "basket": [{"product_id": "P63", "price": 681}, {"product_id": "P61", "price": 1637}, {"product_id": "P63", "price": 1400}], "date_of_purchase": "2019-01-20 05:45:00"}
{"customer_id": "C59", "basket": [{"product_id": "P42", "price": 98}, {"product_id": "P58", "price": 1427}, {"product_id": "P45", "price": 1676}], "date_of_purchase": "2019-01-20 12:25:00"}
{"customer_id": "C65", "basket": [{"product_id": "P23", "price": 753}], "date_of_purchase": "2019-01-20 06:55:00"}
{"customer_id": "C67", "basket": [{"product_id": "P24", "price": 1584}, {"product_id": "P32", "price": 834}], "date_of_purchase": "2019-01-20 07:39:00"}
{"customer_id": "C68", "basket": [{"product_id": "P36", "price": 236}, {"product_id": "P37", "price": 1227}, {"product_id": "P35", "price": 1348}], "date_of_purchase": "2019-01-20 10:20:00"}
{"customer_id": "C78", "basket": [{"product_id": "P40", "price": 1688}, {"product_id": "P40", "price": 733}], "date_of_purchase": "2019-01-20 13:03:00"}
{"customer_id": "C81", "basket": [{"product_id": "P22", "price": 663}, {"product_id": "P30", "price": 1071}], "date_of_purchase": "2019-01-20 05:39:00"}
{"customer_id": "C90", "basket": [{"product_id": "P30", "price": 1194}, {"product_id": "P25", "price": 1391}], "date_of_purchase": "2019-01-20 16:22:00"}
{"customer_id": "C95", "basket": [{"product_id": "P17", "price": 1761}, {"product_id": "P20", "price": 1804}, {"product_id": "P17", "price": 1137}], "date_of_purchase": "2019-01-20 06:30:00"}
{"customer_id": "C97", "basket": [{"product_id": "P09", "price": 795}, {"product_id": "P10", "price": 1958}], "date_of_purchase": "2019-01-20 04:33:00"}
{"customer_id": "C101", "basket": [{"product_id": "P12", "price": 138}], "date_of_purchase": "2019-01-20 19:16:00"}
{"customer_id": "C102", "basket": [{"product_id": "P27", "price": 441}, {"product_id": "P22", "price": 888}], "date_of_purchase": "2019-01-20 15:25:00"}
{"customer_id": "C115", "basket": [{"product_id": "P10", "price": 1783}, {"product_id": "P05", "price": 203}, {"product_id": "P08", "price": 787}], "date_of_purchase": "2019-01-20 12:47:00"}
{"customer_id": "C118", "basket": [{"product_id": "P07", "price": 1886}, {"product_id": "P01", "price": 508}, {"product_id": "P07", "price": 363}], "date_of_purchase": "2019-01-20 12:43:00"}
{"customer_id": "C119", "basket": [{"product_id": "P49", "price": 1327}, {"product_id": "P52", "price": 983}], "date_of_purchase": "2019-01-20 04:13:00"}
{"customer_id": "C131", "basket": [{"product_id": "P06", "price": 797}, {"product_id": "P10", "price": 1701}, {"product_id": "P11", "price": 212}], "date_of_purchase": "2019-01-20 07:33:00"}
