{"customer_id": "C8", "basket": [{"product_id": "P08", "price": 344}, {"product_id": "P01", "price": 1542}, {"product_id": "P11", "price": 1604}], "date_of_purchase": "2019-01-08 07:44:00"}
{"customer_id": "C20", "basket": [{"product_id": "P34", "price": 500}, {"product_id": "P31", "price": 1574}], "date_of_purchase": "2019-01-08 02:57:00"}
{"customer_id": "C36", "basket": [{"product_id": "P47", "price": 1610}, {"product_id": "P48", "price": 1877}], "date_of_purchase": "2019-01-08 22:12:00"}
{"customer_id": "C48", "basket": [{"product_id": "P02", "price": 871}, {"product_id": "P03", "price": 1040}], "date_of_purchase": "2019-01-08 22:44:00"}
{"customer_id": "C52", "basket": [{"product_id": "P26", "price": 966}, {"product_id": "P24", "price": 123}], "date_of_purchase": "2019-01-08 05:44:00"}
{"customer_id": "C62", "basket": [{"product_id": "P43", "price": 170}, {"product_id": "P50", "price": 1945}, {"product_id": "P49", "price": 1149}], "date_of_purchase": "2019-01-08 06:53:00"}
{"customer_id": "C65", "basket": [{"product_id": "P26", "price": 4}], "date_of_purchase": "2019-01-08 18:04:00"}
{"customer_id": "C74", "basket": [{"product_id": "P40", "price": 86}, {"product_id": "P38", "price": 1064}], "date_of_purchase": "2019-01-08 17:53:00"}
{"customer_id": "C81", "basket": [{"product_id": "P28", "price": 448}], "date_of_purchase": "2019-01-08 03:46:00"}
{"customer_id": "C85", "basket": [{"product_id": "P56", "price": 1815}, {"product_id": "P53", "price": 692}], "date_of_purchase": "2019-01-08 07:14:00"}
{"customer_id": "C89", "basket": [{"product_id": "P48", "price": 1027}], "date_of_purchase": "2019-01-08 15:24:00"}
{"customer_id": "C91", "basket": [{"product_id": "P37", "price": 547}, {"product_id": "P40", "price": 1977}, {"product_id": "P39", "price": 1015}], "date_of_purchase": "2019-01-08 12:28:00"}
{"customer_id": "C101", "basket": [{"product_id": "P07", "price": 1966}, {"product_id": "P11", "price": 614}], "date_of_purchase": "2019-01-08 19:13:00"}
{"customer_id": "C117", "basket": [{"product_id": "P08", "price": 1076}, {"product_id": "P07", "price": 683}], "date_of_purchase": "2019-01-08 05:07:00"}
{"customer_id": "C119", "basket": [{"product_id": "P29", "price": 722}], "date_of_purchase": "2019-01-08 11:38:00"}
{"customer_id": "C126", "basket": [{"product_id": "P55", "price": 920}, {"product_id": "P47", "price": 507}, {"product_id": "P44", "price": 114}], "date_of_purchase": "2019-01-08 11:30:00"}
{"customer_id": "C127", "basket": [{"product_id": "P23", "price": 620}, {"product_id": "P26", "price": 858}, {"product_id": "P33", "price": 347}], "date_of_purchase": "2019-01-08 18:50:00"}
{"customer_id": "C137", "basket": [{"product_id": "P64", "price": 1213}, {"product_id": "P62", "price": 1854}], "date_of_purchase": "2019-01-08 23:47:00"}
