{"customer_id": "C2", "basket": [{"product_id": "P08", "price": 266}, {"product_id": "P02", "price": 274}], "date_of_purchase": "2018-12-30 09:00:00"}
{"customer_id": "C7", "basket": [{"product_id": "P53", "price": 360}, {"product_id": "P55", "price": 1671}], "date_of_purchase": "2018-12-30 20:59:00"}
{"customer_id": "C11", "basket": [{"product_id": "P30", "price": 230}, {"product_id": "P31", "price": 1739}], "date_of_purchase": "2018-12-30 09:35:00"}
{"customer_id": "C16", "basket": [{"product_id": "P49", "price": 1203}, {"product_id": "P49", "price": 1967}, {"product_id": "P49", "price": 307}], "date_of_purchase": "2018-12-30 14:33:00"}
{"customer_id": "C37", "basket": [{"product_id": "P40", "price": 1327}, {"product_id": "P38", "price": 225}, {"product_id": "P40", "price": 618}], "date_of_purchase": "2018-12-30 05:59:00"}
{"customer_id": "C58", "basket": [{"product_id": "P63", "price": 356}, {"product_id": "P61", "price": 1839}, {"product_id": "P64", "price": 1214}], "date_of_purchase": "2018-12-30 22:30:00"}
{"customer_id": "C60", "basket": [{"product_id": "P12", "price": 1553}, {"product_id": "P07", "price": 331}], "date_of_purchase": "2018-12-30 11:38:00"}
{"customer_id": "C76", "basket": [{"product_id": "P22", "price": 1300}, {"product_id": "P29", "price": 1867}, {"product_id": "P34", "price": 656}], "date_of_purchase": "2018-12-30 23:11:00"}
{"customer_id": "C81", "basket": [{"product_id": "P26", "price": 534}], "date_of_purchase": "2018-12-30 07:10:00"}
{"customer_id": "C86", "basket": [{"product_id": "P61", "price": 866}, {"product_id": "P62", "price": 702}, {"product_id": "P61", "price": 922}], "date_of_purchase": "2018-12-30 06:22:00"}
{"customer_id": "C89", "basket": [{"product_id": "P41", "price": 349}, {"product_id": "P41", "price": 694}], "date_of_purchase": "2018-12-30 09:04:00"}
{"customer_id": "C95", "basket": [{"product_id": "P17", "price": 253}, {"product_id": "P13", "price": 1952}, {"product_id": "P20", "price": 721}], "date_of_purchase": "2018-12-30 21:47:00"}
{"customer_id": "C100", "basket": [{"product_id": "P09", "price": 1338}, {"product_id": "P10", "price": 1013}, {"product_id": "P10", "price": 1126}], "date_of_purchase": "2018-12-30 07:59:00"}
{"customer_id": "C102", "basket": [{"product_id": "P55", "price": 229}, {"product_id": "P51", "price": 1516}, {"product_id": "P52", "price": 1206}], "date_of_purchase": "2018-12-30 14:01:00"}
{"customer_id": "C104", "basket": [{"product_id": "P39", "price": 1087}, {"product_id": "P39", "price": 621}, {"product_id": "P37", "price": 1468}], "date_of_purchase": "2018-12-30 06:36:00"}
{"customer_id": "C105", "basket": [{"product_id": "P57", "price": 457}, {"product_id": "P47", "price": 1869}, {"product_id": "P52", "price": 1155}], "date_of_purchase": "2018-12-30 08:42:00"}
{"customer_id": "C107", "basket": [{"product_id": "P04", "price": 906}], "date_of_purchase": "2018-12-30 14:30:00"}
{"customer_id": "C114", "basket": [{"product_id": "P22", "price": 1055}], "date_of_purchase": "2018-12-30 07:53:00"}
{"customer_id": "C118", "basket": [{"product_id": "P39", "price": 504}, {"product_id": "P35", "price": 14}], "date_of_purchase": "2018-12-30 12:44:00"}
{"customer_id": "C125", "basket": [{"product_id": "P35", "price": 677}, {"product_id": "P39", "price": 400}], "date_of_purchase": "2018-12-30 23:41:00"}
{"customer_id": "C126", "basket": [{"product_id": "P58", "price": 1983}], "date_of_purchase": "2018-12-30 13:37:00"}
{"customer_id": "C127", "basket": [{"product_id": "P01", "price": 1117}, {"product_id": "P02", "price": 992}], "date_of_purchase": "2018-12-30 23:04:00"}
{"customer_id": "C131", "basket": [{"product_id": "P62", "price": 457}, {"product_id": "P63", "price": 897}, {"product_id": "P64", "price": 72}], "date_of_purchase": "2018-12-30 11:54:00"}
