{"customer_id": "C3", "basket": [{"product_id": "P47", "price": 830}, {"product_id": "P55", "price": 1108}, {"product_id": "P41", "price": 1345}], "date_of_purchase": "2019-01-28 04:45:00"}
{"customer_id": "C9", "basket": [{"product_id": "P05", "price": 676}, {"product_id": "P04", "price": 566}, {"product_id": "P07", "price": 117}], "date_of_purchase": "2019-01-28 16:12:00"}
{"customer_id": "C11", "basket": [{"product_id": "P36", "price": 1960}], "date_of_purchase": "2019-01-28 23:21:00"}
{"customer_id": "C13", "basket": [{"product_id": "P27", "price": 287}, {"product_id": "P27", "price": 1881}, {"product_id": "P27", "price": 1297}], "date_of_purchase": "2019-01-28 18:13:00"}
{"customer_id": "C16", "basket": [{"product_id": "P53", "price": 1479}, {"product_id": "P43", "price": 582}], "date_of_purchase": "2019-01-28 07:02:00"}
{"customer_id": "C40", "basket": [{"product_id": "P50", "price": 1332}], "date_of_purchase": "2019-01-28 13:40:00"}
{"customer_id": "C45", "basket": [{"product_id": "P27", "price": 1101}], "date_of_purchase": "2019-01-28 07:36:00"}
{"customer_id": "C48", "basket": [{"product_id": "P05", "price": 1835}, {"product_id": "P05", "price": 1245}], "date_of_purchase": "2019-01-28 19:40:00"}
{"customer_id": "C49", "basket": [{"product_id": "P53", "price": 185}], "date_of_purchase": "2019-01-28 09:02:00"}
{"customer_id": "C51", "basket": [{"product_id": "P04", "price": 1576}, {"product_id": "P10", "price": 1065}, {"product_id": "P07", "price": 584}], "date_of_purchase": "2019-01-28 10:52:00"}
{"customer_id": "C57", "basket": [{"product_id": "P33", "price": 1282}, {"product_id": "P27", "price": 1850}, {"product_id": "P26", "price": 1444}], "date_of_purchase": "2019-01-28 16:15:00"}
{"customer_id": "C73", "basket": [{"product_id": "P38", "price": 477}, {"product_id": "P35", "price": 354}], "date_of_purchase": "2019-01-28 07:20:00"}
{"customer_id": "C74", "basket": [{"product_id": "P40", "price": 189}, {"product_id": "P38", "price": 1864}], "date_of_purchase": "2019-01-28 04:56:00"}
{"customer_id": "C94", "basket": [{"product_id": "P23", "price": 1438}, {"product_id": "P31", "price": 457}], "date_of_purchase": "2019-01-28 17:08:00"}
{"customer_id": "C105", "basket": [{"product_id": "P38", "price": 1738}, {"product_id": "P38", "price": 1743}], "date_of_purchase": "2019-01-28 22:27:00"}
{"customer_id": "C114", "basket": [{"product_id": "P31", "price": 1917}, {"product_id": "P29", "price": 1651}, {"product_id": "P33", "price": 1355}], "date_of_purchase": "2019-01-28 05:13:00"}
{"customer_id": "C115", "basket": [{"product_id": "P53", "price": 1480}], "date_of_purchase": "2019-01-28 07:57:00"}
{"customer_id": "C122", "basket": [{"product_id": "P28", "price": 722}, {"product_id": "P31", "price": 137}], "date_of_purchase": "2019-01-28 03:35:00"}
{"customer_id": "C125", "basket": [{"product_id": "P29", "price": 82}, {"product_id": "P30", "price": 1822}], "date_of_purchase": "2019-01-28 13:14:00"}
{"customer_id": "C126", "basket": [{"product_id": "P52", "price": 886}, {"product_id": "P44", "price": 839}], "date_of_purchase": "2019-01-28 04:13:00"}
{"customer_id": "C127", "basket": [{"product_id": "P08", "price": 1181}], "date_of_purchase": "2019-01-28 04:52:00"}
{"customer_id": "C130", "basket": [{"product_id": "P35", "price": 1297}, {"product_id": "P40", "price": 477}, {"product_id": "P39", "price": 368}], "date_of_purchase": "2019-01-28 07:32:00"}
{"customer_id": "C137", "basket": [{"product_id": "P64", "price": 351}, {"product_id": "P61", "price": 940}], "date_of_purchase": "2019-01-28 08:48:00"}
