{"customer_id": "C2", "basket": [{"product_id": "P35", "price": 774}, {"product_id": "P38", "price": 678}], "date_of_purchase": "2019-01-13 23:25:00"}
{"customer_id": "C21", "basket": [{"product_id": "P38", "price": 582}, {"product_id": "P38", "price": 1697}, {"product_id": "P36", "price": 183}], "date_of_purchase": "2019-01-13 17:29:00"}
{"customer_id": "C27", "basket": [{"product_id": "P37", "price": 103}, {"product_id": "P36", "price": 139}, {"product_id": "P40", "price": 801}], "date_of_purchase": "2019-01-13 20:16:00"}
{"customer_id": "C33", "basket": [{"product_id": "P55", "price": 194}], "date_of_purchase": "2019-01-13 11:33:00"}
{"customer_id": "C35", "basket": [{"product_id": "P54", "price": 1533}, {"product_id": "P53", "price": 1166}, {"product_id": "P46", "price": 213}], "date_of_purchase": "2019-01-13 18:04:00"}
{"customer_id": "C44", "basket": [{"product_id": "P37", "price": 294}, {"product_id": "P39", "price": 648}], "date_of_purchase": "2019-01-13 18:10:00"}
{"customer_id": "C45", "basket": [{"product_id": "P37", "price": 542}, {"product_id": "P40", "price": 1323}, {"product_id": "P39", "price": 153}], "date_of_purchase": "2019-01-13 05:42:00"}
{"customer_id": "C55", "basket": [{"product_id": "P49", "price": 1854}, {"product_id": "P58", "price": 500}, {"product_id": "P52", "price": 1945}], "date_of_purchase": "2019-01-13 09:11:00"}
{"customer_id": "C58", "basket": [{"product_id": "P39", "price": 883}, {"product_id": "P38", "price": 1723}, {"product_id": "P35", "price": 1782}], "date_of_purchase": "2019-01-13 06:57:00"}
{"customer_id": "C66", "basket": [{"product_id": "P35", "price": 229}, {"product_id": "P35", "price": 884}], "date_of_purchase": "2019-01-13 23:33:00"}
{"customer_id": "C67", "basket": [{"product_id": "P39", "price": 634}, {"product_id": "P36", "price": 1848}, {"product_id": "P35", "price": 1580}], "date_of_purchase": "2019-01-13 22:25:00"}
{"customer_id": "C74", "basket": [{"product_id": "P39", "price": 199}], "date_of_purchase": "2019-01-13 03:55:00"}
{"customer_id": "C76", "basket": [{"product_id": "P26", "price": 46}], "date_of_purchase": "2019-01-13 05:13:00"}
{"customer_id": "C89", "basket": [{"product_id": "P58", "price": 549}], "date_of_purchase": "2019-01-13 21:18:00"}
{"customer_id": "C91", "basket": [{"product_id": "P64", "price": 272}, {"product_id": "P62", "price": 713}], "date_of_purchase": "2019-01-13 18:59:00"}
{"customer_id": "C93", "basket": [{"product_id": "P27", "price": 507}], "date_of_purchase": "2019-01-13 04:50:00"}
{"customer_id": "C94", "basket": [{"product_id": "P28", "price": 992}], "date_of_purchase": "2019-01-13 09:39:00"}
{"customer_id": "C102", "basket": [{"product_id": "P49", "price": 94}, {"product_id": "P47", "price": 757}], "date_of_purchase": "2019-01-13 23:50:00"}
{"customer_id": "C108", "basket": [{"product_id": "P14", "price": 1981}, {"product_id": "P16", "price": 1555}], "date_of_purchase": "2019-01-13 22:42:00"}
{"customer_id": "C117", "basket": [{"product_id": "P08", "price": 170}, {"product_id": "P05", "price": 603}, {"product_id": "P11", "price": 646}], "date_of_purchase": "2019-01-13 20:32:00"}
{"customer_id": "C131", "basket": [{"product_id": "P35", "price": 126}, {"product_id": "P37", "price": 629}, {"product_id": "P39", "price": 1303}], "date_of_purchase": "2019-01-13 08:24:00"}
