{"customer_id": "C2", "basket": [{"product_id": "P38", "price": 424}], "date_of_purchase": "2019-01-09 20:52:00"}
{"customer_id": "C10", "basket": [{"product_id": "P35", "price": 399}], "date_of_purchase": "2019-01-09 05:05:00"}
{"customer_id": "C20", "basket": [{"product_id": "P31", "price": 1600}], "date_of_purchase": "2019-01-09 15:50:00"}
{"customer_id": "C26", "basket": [{"product_id": "P37", "price": 95}, {"product_id": "P35", "price": 313}, {"product_id": "P37", "price": 1856}], "date_of_purchase": "2019-01-09 21:01:00"}
{"customer_id": "C28", "basket": [{"product_id": "P31", "price": 1958}, {"product_id": "P26", "price": 898}], "date_of_purchase": "2019-01-09 02:48:00"}
{"customer_id": "C29", "basket": [{"product_id": "P58", "price": 270}, {"product_id": "P55", "price": 28}], "date_of_purchase": "2019-01-09 22:25:00"}
{"customer_id": "C32", "basket": [{"product_id": "P63", "price": 1270}, {"product_id": "P62", "price": 1605}], "date_of_purchase": "2019-01-09 17:20:00"}
{"customer_id": "C40", "basket": [{"product_id": "P46", "price": 1021}, {"product_id": "P46", "price": 779}], "date_of_purchase": "2019-01-09 05:29:00"}
{"customer_id": "C45", "basket": [{"product_id": "P33", "price": 767}, {"product_id": "P24", "price": 1562}, {"product_id": "P24", "price": 1381}], "date_of_purchase": "2019-01-09 15:33:00"}
{"customer_id": "C48", "basket": [{"product_id": "P30", "price": 595}], "date_of_purchase": "2019-01-09 21:16:00"}
{"customer_id": "C62", "basket": [{"product_id": "P15", "price": 1323}, {"product_id": "P17", "price": 892}, {"product_id": "P13", "price": 1275}], "date_of_purchase": "2019-01-09 11:53:00"}
{"customer_id": "C75", "basket": [{"product_id": "P05", "price": 337}, {"product_id": "P02", "price": 950}, {"product_id": "P07", "price": 673}], "date_of_purchase": "2019-01-09 15:42:00"}
{"customer_id": "C79", "basket": [{"product_id": "P38", "price": 1582}], "date_of_purchase": "2019-01-09 15:22:00"}
{"customer_id": "C83", "basket": [{"product_id": "P35", "price": 1939}, {"product_id": "P38", "price": 1365}, {"product_id": "P37", "price": 1332}], "date_of_purchase": "2019-01-09 17:17:00"}
{"customer_id": "C87", "basket": [{"product_id": "P34", "price": 25}], "date_of_purchase": "2019-01-09 10:11:00"}
{"customer_id": "C90", "basket": [{"product_id": "P35", "price": 1942}, {"product_id": "P40", "price": 406}, {"product_id": "P40", "price": 876}], "date_of_purchase": "2019-01-09 17:09:00"}
{"customer_id": "C91", "basket": [{"product_id": "P32", "price": 1287}, {"product_id": "P25", "price": 1611}], "date_of_purchase": "2019-01-09 19:36:00"}
{"customer_id": "C94", "basket": [{"product_id": "P25", "price": 413}], "date_of_purchase": "2019-01-09 19:55:00"}
{"customer_id": "C95", "basket": [{"product_id": "P19", "price": 1319}, {"product_id": "P21", "price": 280}], "date_of_purchase": "2019-01-09 03:52:00"}
{"customer_id": "C100", "basket": [{"product_id": "P36", "price": 1550}], "date_of_purchase": "2019-01-09 08:46:00"}
{"customer_id": "C103", "basket": [{"product_id": "P64", "price": 1441}, {"product_id": "P63", "price": 290}], "date_of_purchase": "2019-01-09 15:43:00"}
{"customer_id": "C113", "basket": [{"product_id": "P63", "price": 1600}, {"product_id": "P61", "price": 1009}, {"product_id": "P63", "price": 447}], "date_of_purchase": "2019-01-09 23:35:00"}
{"customer_id": "C119", "basket": [{"product_id": "P30", "price": 992}], "date_of_purchase": "2019-01-09 12:37:00"}
{"customer_id": "C123", "basket": [{"product_id": "P25", "price": 525}, {"product_id": "P30", "price": 1479}], "date_of_purchase": "2019-01-09 05:51:00"}
{"customer_id": "C124", "basket": [{"product_id": "P49", "price": 1845}, {"product_id": "P60", "price": 338}], "date_of_purchase": "2019-01-09 03:04:00"}
{"customer_id": "C125", "basket": [{"product_id": "P23", "price": 32}, {"product_id": "P33", "price": 437}], "date_of_purchase": "2019-01-09 18:06:00"}
{"customer_id": "C137", "basket": [{"product_id": "P62", "price": 1206}, {"product_id": "P63", "price": 1428}, {"product_id": "P64", "price": 692}], "date_of_purchase": "2019-01-09 11:08:00"}
