{"customer_id": "C18", "basket": [{"product_id": "P27", "price": 656}], "date_of_purchase": "2019-01-31 14:35:00"}
{"customer_id": "C24", "basket": [{"product_id": "P43", "price": 778}, {"product_id": "P59", "price": 1930}], "date_of_purchase": "2019-01-31 12:37:00"}
{"customer_id": "C25", "basket": [{"product_id": "P63", "price": 668}], "date_of_purchase": "2019-01-31 11:31:00"}
{"customer_id": "C26", "basket": [{"product_id": "P54", "price": 1765}], "date_of_purchase": "2019-01-31 11:51:00"}
{"customer_id": "C38", "basket": [{"product_id": "P36", "price": 612}, {"product_id": "P38", "price": 1472}, {"product_id": "P39", "price": 1445}], "date_of_purchase": "2019-01-31 03:40:00"}
{"customer_id": "C49", "basket": [{"product_id": "P08", "price": 486}, {"product_id": "P01", "price": 1727}], "date_of_purchase": "2019-01-31 04:45:00"}
{"customer_id": "C56", "basket": [{"product_id": "P34", "price": 242}, {"product_id": "P22", "price": 651}], "date_of_purchase": "2019-01-31 15:11:00"}
{"customer_id": "C67", "basket": [{"product_id": "P37", "price": 503}, {"product_id": "P40", "price": 1486}, {"product_id": "P36", "price": 1475}], "date_of_purchase": "2019-01-31 22:16:00"}
{"customer_id": "C70", "basket": [{"product_id": "P08", "price": 292}], "date_of_purchase": "2019-01-31 07:19:00"}
{"customer_id": "C71", "basket": [{"product_id": "P37", "price": 513}, {"product_id": "P40", "price": 589}], "date_of_purchase": "2019-01-31 15:53:00"}
{"customer_id": "C73", "basket": [{"product_id": "P38", "price": 247}, {"product_id": "P37", "price": 1945}], "date_of_purchase": "2019-01-31 19:30:00"}
{"customer_id": "C77", "basket": [{"product_id": "P51", "price": 119}], "date_of_purchase": "2019-01-31 15:46:00"}
{"customer_id": "C78", "basket": [{"product_id": "P42", "price": 1433}, {"product_id": "P57", "price": 330}], "date_of_purchase": "2019-01-31 12:16:00"}
{"customer_id": "C81", "basket": [{"product_id": "P26", "price": 2000}, {"product_id": "P23", "price": 1928}, {"product_id": "P29", "price": 1144}], "date_of_purchase": "2019-01-31 09:37:00"}
{"customer_id": "C90", "basket": [{"product_id": "P59", "price": 203}], "date_of_purchase": "2019-01-31 13:40:00"}
{"customer_id": "C91", "basket": [{"product_id": "P27", "price": 642}], "date_of_purchase": "2019-01-31 20:30:00"}
{"customer_id": "C93", "basket": [{"product_id": "P37", "price": 208}, {"product_id": "P35", "price": 72}, {"product_id": "P39", "price": 1057}], "date_of_purchase": "2019-01-31 10:00:00"}
{"customer_id": "C95", "basket": [{"product_id": "P17", "price": 1249}], "date_of_purchase": "2019-01-31 20:01:00"}
{"customer_id": "C97", "basket": [{"product_id": "P57", "price": 1367}], "date_of_purchase": "2019-01-31 08:00:00"}
{"customer_id": "C102", "basket": [{"product_id": "P25", "price": 1124}, {"product_id": "P34", "price": 1266}], "date_of_purchase": "2019-01-31 20:30:00"}
{"customer_id": "C103", "basket": [{"product_id": "P62", "price": 425}, {"product_id": "P62", "price": 1551}, {"product_id": "P62", "price": 1396}], "date_of_purchase": "2019-01-31 19:57:00"}
{"customer_id": "C105", "basket": [{"product_id": "P52", "price": 630}, {"product_id": "P56", "price": 1233}], "date_of_purchase": "2019-01-31 10:03:00"}
{"customer_id": "C109", "basket": [{"product_id": "P09", "price": 979}], "date_of_purchase": "2019-01-31 12:54:00"}
{"customer_id": "C117", "basket": [{"product_id": "P08", "price": 150}, {"product_id": "P04", "price": 1117}], "date_of_purchase": "2019-01-31 21:58:00"}
{"customer_id": "C127", "basket": [{"product_id": "P02", "price": 1566}], "date_of_purchase": "2019-01-31 19:16:00"}
