{"customer_id": "C4", "basket": [{"product_id": "P29", "price": 410}], "date_of_purchase": "2019-01-24 15:06:00"}
{"customer_id": "C6", "basket": [{"product_id": "P64", "price": 9}, {"product_id": "P64", "price": 1082}], "date_of_purchase": "2019-01-24 18:01:00"}
{"customer_id": "C10", "basket": [{"product_id": "P39", "price": 297}, {"product_id": "P37", "price": 160}], "date_of_purchase": "2019-01-24 17:26:00"}
{"customer_id": "C13", "basket": [{"product_id": "P32", "price": 294}], "date_of_purchase": "2019-01-24 12:23:00"}
{"customer_id": "C18", "basket": [{"product_id": "P36", "price": 408}], "date_of_purchase": "2019-01-24 16:28:00"}
{"customer_id": "C24", "basket": [{"product_id": "P38", "price": 1687}], "date_of_purchase": "2019-01-24 18:59:00"}
{"customer_id": "C28", "basket": [{"product_id": "P31", "price": 738}, {"product_id": "P28", "price": 530}], "date_of_purchase": "2019-01-24 16:21:00"}
{"customer_id": "C49", "basket": [{"product_id": "P46", "price": 1770}, {"product_id": "P43", "price": 299}, {"product_id": "P45", "price": 1020}], "date_of_purchase": "2019-01-24 20:01:00"}
{"customer_id": "C53", "basket": [{"product_id": "P33", "price": 866}, {"product_id": "P25", "price": 509}, {"product_id": "P33", "price": 1577}], "date_of_purchase": "2019-01-24 06:34:00"}
{"customer_id": "C75", "basket": [{"product_id": "P05", "price": 1248}, {"product_id": "P12", "price": 1060}], "date_of_purchase": "2019-01-24 20:16:00"}
{"customer_id": "C78", "basket": [{"product_id": "P48", "price": 1794}, {"product_id": "P48", "price": 126}], "date_of_purchase": "2019-01-24 21:53:00"}
{"customer_id": "C97", "basket": [{"product_id": "P04", "price": 1269}], "date_of_purchase": "2019-01-24 16:23:00"}
{"customer_id": "C100", "basket": [{"product_id": "P36", "price": 715}, {"product_id": "P37", "price": 1605}, {"product_id": "P36", "price": 1044}], "date_of_purchase": "2019-01-24 13:01:00"}
{"customer_id": "C102", "basket": [{"product_id": "P27", "price": 1578}, {"product_id": "P27", "price": 919}, {"product_id": "P31", "price": 921}], "date_of_purchase": "2019-01-24 04:09:00"}
{"customer_id": "C113", "basket": [{"product_id": "P03", "price": 1893}], "date_of_purchase": "2019-01-24 23:29:00"}
{"customer_id": "C117", "basket": [{"product_id": "P08", "price": 428}], "date_of_purchase": "2019-01-24 21:37:00"}
{"customer_id": "C120", "basket": [{"product_id": "P40", "price": 1703}], "date_of_purchase": "2019-01-24 22:10:00"}
{"customer_id": "C123", "basket": [{"product_id": "P31", "price": 744}, {"product_id": "P34", "price": 416}], "date_of_purchase": "2019-01-24 15:52:00"}
{"customer_id": "C125", "basket": [{"product_id": "P26", "price": 1384}], "date_of_purchase": "2019-01-24 18:31:00"}
{"customer_id": "C134", "basket": [{"product_id": "P39", "price": 230}, {"product_id": "P37", "price": 1920}, {"product_id": "P39", "price": 621}], "date_of_purchase": "2019-01-24 19:04:00"}
{"customer_id": "C137", "basket": [{"product_id": "P63", "price": 858}, {"product_id": "P62", "price": 1978}, {"product_id": "P63", "price": 543}], "date_of_purchase": "2019-01-24 07:57:00"}
