{"customer_id": "C1", "basket": [{"product_id": "P11", "price": 346}], "date_of_purchase": "2019-01-11 06:46:00"}
{"customer_id": "C7", "basket": [{"product_id": "P58", "price": 942}], "date_of_purchase": "2019-01-11 06:58:00"}
{"customer_id": "C20", "basket": [{"product_id": "P22", "price": 1011}], "date_of_purchase": "2019-01-11 12:55:00"}
{"customer_id": "C32", "basket": [{"product_id": "P61", "price": 175}, {"product_id": "P62", "price": 826}], "date_of_purchase": "2019-01-11 23:02:00"}
{"customer_id": "C39", "basket": [{"product_id": "P63", "price": 929}, {"product_id": "P64", "price": 692}], "date_of_purchase": "2019-01-11 04:45:00"}
{"customer_id": "C61", "basket": [{"product_id": "P49", "price": 1664}, {"product_id": "P46", "price": 432}], "date_of_purchase": "2019-01-11 09:28:00"}
{"customer_id": "C62", "basket": [{"product_id": "P16", "price": 499}], "date_of_purchase": "2019-01-11 17:29:00"}
{"customer_id": "C73", "basket": [{"product_id": "P35", "price": 1535}, {"product_id": "P39", "price": 1310}, {"product_id": "P35", "price": 174}], "date_of_purchase": "2019-01-11 04:33:00"}
{"customer_id": "C75", "basket": [{"product_id": "P59", "price": 1340}, {"product_id": "P55", "price": 1304}], "date_of_purchase": "2019-01-11 21:04:00"}
{"customer_id": "C82", "basket": [{"product_id": "P36", "price": 1160}, {"product_id": "P39", "price": 598}], "date_of_purchase": "2019-01-11 14:42:00"}
{"customer_id": "C89", "basket": [{"product_id": "P55", "price": 129}, {"product_id": "P60", "price": 1971}, {"product_id": "P48", "price": 995}], "date_of_purchase": "2019-01-11 17:34:00"}
{"customer_id": "C91", "basket": [{"product_id": "P64", "price": 1713}, {"product_id": "P63", "price": 49}, {"product_id": "P64", "price": 263}], "date_of_purchase": "2019-01-11 15:28:00"}
{"customer_id": "C97", "basket": [{"product_id": "P48", "price": 1887}, {"product_id": "P41", "price": 268}], "date_of_purchase": "2019-01-11 10:16:00"}
{"customer_id": "C108", "basket": [{"product_id": "P02", "price": 1899}], "date_of_purchase": "2019-01-11 20:31:00"}
{"customer_id": "C123", "basket": [{"product_id": "P30", "price": 919}], "date_of_purchase": "2019-01-11 20:37:00"}
{"customer_id": "C137", "basket": [{"product_id": "P61", "price": 960}], "date_of_purchase": "2019-01-11 14:11:00"}
