{"customer_id": "C14", "basket": [{"product_id": "P32", "price": 275}, {"product_id": "P29", "price": 1497}], "date_of_purchase": "2018-12-12 08:01:00"}
{"customer_id": "C15", "basket": [{"product_id": "P43", "price": 1410}, {"product_id": "P49", "price": 970}], "date_of_purchase": "2018-12-12 03:59:00"}
{"customer_id": "C19", "basket": [{"product_id": "P53", "price": 513}, {"product_id": "P45", "price": 1379}, {"product_id": "P55", "price": 1303}], "date_of_purchase": "2018-12-12 22:45:00"}
{"customer_id": "C20", "basket": [{"product_id": "P62", "price": 1865}], "date_of_purchase": "2018-12-12 16:32:00"}
{"customer_id": "C42", "basket": [{"product_id": "P04", "price": 1762}, {"product_id": "P05", "price": 1812}], "date_of_purchase": "2018-12-12 11:01:00"}
{"customer_id": "C43", "basket": [{"product_id": "P24", "price": 858}, {"product_id": "P31", "price": 746}, {"product_id": "P28", "price": 661}], "date_of_purchase": "2018-12-12 14:31:00"}
{"customer_id": "C44", "basket": [{"product_id": "P37", "price": 419}, {"product_id": "P35", "price": 1841}], "date_of_purchase": "2018-12-12 04:36:00"}
{"customer_id": "C49", "basket": [{"product_id": "P39", "price": 582}, {"product_id": "P39", "price": 25}, {"product_id": "P40", "price": 1743}], "date_of_purchase": "2018-12-12 15:44:00"}
{"customer_id": "C50", "basket": [{"product_id": "P07", "price": 1656}], "date_of_purchase": "2018-12-12 17:57:00"}
{"customer_id": "C59", "basket": [{"product_id": "P47", "price": 1726}], "date_of_purchase": "2018-12-12 19:22:00"}
{"customer_id": "C78", "basket": [{"product_id": "P38", "price": 1404}], "date_of_purchase": "2018-12-12 17:40:00"}
{"customer_id": "C80", "basket": [{"product_id": "P39", "price": 149}, {"product_id": "P36", "price": 1437}, {"product_id": "P39", "price": 35}], "date_of_purchase": "2018-12-12 09:18:00"}
{"customer_id": "C82", "basket": [{"product_id": "P12", "price": 1841}], "date_of_purchase": "2018-12-12 08:43:00"}
{"customer_id": "C91", "basket": [{"product_id": "P64", "price": 1435}, {"product_id": "P61", "price": 729}], "date_of_purchase": "2018-12-12 12:36:00"}
{"customer_id": "C98", "basket": [{"product_id": "P61", "price": 849}], "date_of_purchase": "2018-12-12 04:54:00"}
{"customer_id": "C99", "basket": [{"product_id": "P64", "price": 258}, {"product_id": "P64", "price": 1201}], "date_of_purchase": "2018-12-12 07:29:00"}
{"customer_id": "C103", "basket": [{"product_id": "P38", "price": 1726}, {"product_id": "P36", "price": 727}], "date_of_purchase": "2018-12-12 20:25:00"}
{"customer_id": "C110", "basket": [{"product_id": "P04", "price": 524}], "date_of_purchase": "2018-12-12 22:23:00"}
{"customer_id": "C114", "basket": [{"product_id": "P30", "price": 165}, {"product_id": "P30", "price": 680}, {"product_id": "P34", "price": 751}], "date_of_purchase": "2018-12-12 16:32:00"}
{"customer_id": "C119", "basket": [{"product_id": "P33", "price": 1451}], "date_of_purchase": "2018-12-12 10:38:00"}
{"customer_id": "C126", "basket": [{"product_id": "P59", "price": 654}, {"product_id": "P58", "price": 1743}, {"product_id": "P44", "price": 973}], "date_of_purchase": "2018-12-12 05:49:00"}
{"customer_id": "C130", "basket": [{"product_id": "P36", "price": 1982}, {"product_id": "P39", "price": 909}, {"product_id": "P37", "price": 602}], "date_of_purchase": "2018-12-12 06:51:00"}
{"customer_id": "C131", "basket": [{"product_id": "P38", "price": 788}, {"product_id": "P38", "price": 1954}], "date_of_purchase": "2018-12-12 19:54:00"}
{"customer_id": "C136", "basket": [{"product_id": "P40", "price": 1282}, {"product_id": "P37", "price": 1772}], "date_of_purchase": "2018-12-12 10:01:00"}
