{"customer_id": "C9", "basket": [{"product_id": "P40", "price": 1067}], "date_of_purchase": "2019-02-05 07:22:00"}
{"customer_id": "C12", "basket": [{"product_id": "P24", "price": 1964}], "date_of_purchase": "2019-02-05 09:32:00"}
{"customer_id": "C19", "basket": [{"product_id": "P32", "price": 1023}, {"product_id": "P32", "price": 997}, {"product_id": "P27", "price": 1232}], "date_of_purchase": "2019-02-05 17:07:00"}
{"customer_id": "C27", "basket": [{"product_id": "P36", "price": 1907}], "date_of_purchase": "2019-02-05 03:38:00"}
{"customer_id": "C28", "basket": [{"product_id": "P52", "price": 1938}], "date_of_purchase": "2019-02-05 22:26:00"}
{"customer_id": "C35", "basket": [{"product_id": "P11", "price": 964}, {"product_id": "P10", "price": 1286}], "date_of_purchase": "2019-02-05 23:48:00"}
{"customer_id": "C44", "basket": [{"product_id": "P18", "price": 1398}, {"product_id": "P13", "price": 1244}, {"product_id": "P13", "price": 523}], "date_of_purchase": "2019-02-05 15:49:00"}
{"customer_id": "C47", "basket": [{"product_id": "P34", "price": 497}, {"product_id": "P32", "price": 1522}, {"product_id": "P24", "price": 1403}], "date_of_purchase": "2019-02-05 09:22:00"}
{"customer_id": "C48", "basket": [{"product_id": "P09", "price": 394}], "date_of_purchase": "2019-02-05 07:15:00"}
{"customer_id": "C50", "basket": [{"product_id": "P10", "price": 1232}, {"product_id": "P07", "price": 1493}], "date_of_purchase": "2019-02-05 17:06:00"}
{"customer_id": "C52", "basket": [{"product_id": "P24", "price": 802}, {"product_id": "P29", "price": 1024}], "date_of_purchase": "2019-02-05 18:17:00"}
{"customer_id": "C56", "basket": [{"product_id": "P26", "price": 1753}, {"product_id": "P34", "price": 356}, {"product_id": "P27", "price": 106}], "date_of_purchase": "2019-02-05 15:28:00"}
{"customer_id": "C65", "basket": [{"product_id": "P38", "price": 1236}, {"product_id": "P37", "price": 2000}, {"product_id": "P35", "price": 1370}], "date_of_purchase": "2019-02-05 16:02:00"}
{"customer_id": "C69", "basket": [{"product_id": "P37", "price": 183}, {"product_id": "P40", "price": 1603}, {"product_id": "P40", "price": 890}], "date_of_purchase": "2019-02-05 22:59:00"}
{"customer_id": "C71", "basket": [{"product_id": "P50", "price": 5}, {"product_id": "P57", "price": 692}], "date_of_purchase": "2019-02-05 21:22:00"}
{"customer_id": "C73", "basket": [{"product_id": "P05", "price": 247}, {"product_id": "P02", "price": 1484}, {"product_id": "P06", "price": 61}], "date_of_purchase": "2019-02-05 12:29:00"}
{"customer_id": "C74", "basket": [{"product_id": "P38", "price": 709}, {"product_id": "P37", "price": 827}, {"product_id": "P39", "price": 1458}], "date_of_purchase": "2019-02-05 23:17:00"}
{"customer_id": "C84", "basket": [{"product_id": "P04", "price": 1216}], "date_of_purchase": "2019-02-05 06:28:00"}
{"customer_id": "C91", "basket": [{"product_id": "P63", "price": 1799}, {"product_id": "P62", "price": 489}], "date_of_purchase": "2019-02-05 20:15:00"}
{"customer_id": "C95", "basket": [{"product_id": "P14", "price": 860}, {"product_id": "P15", "price": 59}, {"product_id": "P21", "price": 1617}], "date_of_purchase": "2019-02-05 23:39:00"}
{"customer_id": "C102", "basket": [{"product_id": "P31", "price": 1566}, {"product_id": "P27", "price": 975}, {"product_id": "P34", "price": 1485}], "date_of_purchase": "2019-02-05 05:00:00"}
{"customer_id": "C105", "basket": [{"product_id": "P37", "price": 938}, {"product_id": "P37", "price": 301}], "date_of_purchase": "2019-02-05 20:33:00"}
{"customer_id": "C113", "basket": [{"product_id": "P12", "price": 1676}, {"product_id": "P09", "price": 505}, {"product_id": "P07", "price": 598}], "date_of_purchase": "2019-02-05 17:55:00"}
{"customer_id": "C124", "basket": [{"product_id": "P57", "price": 1448}, {"product_id": "P57", "price": 698}], "date_of_purchase": "2019-02-05 04:51:00"}
{"customer_id": "C127", "basket": [{"product_id": "P26", "price": 331}, {"product_id": "P29", "price": 1689}], "date_of_purchase": "2019-02-05 16:01:00"}
{"customer_id": "C132", "basket": [{"product_id": "P35", "price": 262}], "date_of_purchase": "2019-02-05 03:30:00"}
