{"customer_id": "C9", "basket": [{"product_id": "P07", "price": 434}, {"product_id": "P10", "price": 599}], "date_of_purchase": "2019-02-07 15:07:00"}
{"customer_id": "C11", "basket": [{"product_id": "P23", "price": 1050}, {"product_id": "P32", "price": 726}], "date_of_purchase": "2019-02-07 10:01:00"}
{"customer_id": "C12", "basket": [{"product_id": "P02", "price": 150}], "date_of_purchase": "2019-02-07 04:40:00"}
{"customer_id": "C26", "basket": [{"product_id": "P41", "price": 1446}, {"product_id": "P56", "price": 495}], "date_of_purchase": "2019-02-07 04:49:00"}
{"customer_id": "C28", "basket": [{"product_id": "P28", "price": 419}], "date_of_purchase": "2019-02-07 11:05:00"}
{"customer_id": "C31", "basket": [{"product_id": "P23", "price": 1981}, {"product_id": "P33", "price": 510}, {"product_id": "P34", "price": 1496}], "date_of_purchase": "2019-02-07 21:07:00"}
{"customer_id": "C33", "basket": [{"product_id": "P11", "price": 1174}, {"product_id": "P05", "price": 1628}, {"product_id": "P11", "price": 406}], "date_of_purchase": "2019-02-07 05:28:00"}
{"customer_id": "C50", "basket": [{"product_id": "P25", "price": 564}, {"product_id": "P23", "price": 1204}], "date_of_purchase": "2019-02-07 22:52:00"}
{"customer_id": "C63", "basket": [{"product_id": "P37", "price": 1880}, {"product_id": "P38", "price": 37}], "date_of_purchase": "2019-02-07 13:31:00"}
{"customer_id": "C65", "basket": [{"product_id": "P57", "price": 1550}, {"product_id": "P55", "price": 393}, {"product_id": "P57", "price": 433}], "date_of_purchase": "2019-02-07 05:27:00"}
{"customer_id": "C66", "basket": [{"product_id": "P32", "price": 647}], "date_of_purchase": "2019-02-07 04:04:00"}
{"customer_id": "C73", "basket": [{"product_id": "P08", "price": 1621}, {"product_id": "P01", "price": 1067}], "date_of_purchase": "2019-02-07 06:40:00"}
{"customer_id": "C89", "basket": [{"product_id": "P54", "price": 23}, {"product_id": "P49", "price": 1366}, {"product_id": "P51", "price": 174}], "date_of_purchase": "2019-02-07 11:48:00"}
{"customer_id": "C90", "basket": [{"product_id": "P35", "price": 1305}], "date_of_purchase": "2019-02-07 03:42:00"}
{"customer_id": "C102", "basket": [{"product_id": "P48", "price": 539}, {"product_id": "P57", "price": 753}], "date_of_purchase": "2019-02-07 22:50:00"}
{"customer_id": "C105", "basket": [{"product_id": "P37", "price": 1259}, {"product_id": "P36", "price": 246}, {"product_id": "P37", "price": 1743}], "date_of_purchase": "2019-02-07 14:46:00"}
{"customer_id": "C106", "basket": [{"product_id": "P24", "price": 1803}], "date_of_purchase": "2019-02-07 22:19:00"}
{"customer_id": "C115", "basket": [{"product_id": "P43", "price": 533}], "date_of_purchase": "2019-02-07 22:39:00"}
{"customer_id": "C118", "basket": [{"product_id": "P32", "price": 62}, {"product_id": "P32", "price": 26}, {"product_id": "P23", "price": 570}], "date_of_purchase": "2019-02-07 12:13:00"}
{"customer_id": "C122", "basket": [{"product_id": "P26", "price": 1549}, {"product_id": "P32", "price": 947}], "date_of_purchase": "2019-02-07 22:57:00"}
{"customer_id": "C129", "basket": [{"product_id": "P09", "price": 723}, {"product_id": "P08", "price": 1659}], "date_of_purchase": "2019-02-07 03:30:00"}
{"customer_id": "C134", "basket": [{"product_id": "P40", "price": 580}, {"product_id": "P36", "price": 512}, {"product_id": "P38", "price": 566}], "date_of_purchase": "2019-02-07 22:18:00"}
{"customer_id": "C137", "basket": [{"product_id": "P61", "price": 1371}, {"product_id": "P62", "price": 1322}], "date_of_purchase": "2019-02-07 17:20:00"}
