{"customer_id": "C2", "basket": [{"product_id": "P14", "price": 1065}, {"product_id": "P21", "price": 689}, {"product_id": "P20", "price": 1175}], "date_of_purchase": "2018-12-28 22:38:00"}
{"customer_id": "C13", "basket": [{"product_id": "P61", "price": 794}, {"product_id": "P63", "price": 544}, {"product_id": "P61", "price": 875}], "date_of_purchase": "2018-12-28 04:33:00"}
{"customer_id": "C20", "basket": [{"product_id": "P49", "price": 1366}, {"product_id": "P55", "price": 1807}], "date_of_purchase": "2018-12-28 16:59:00"}
{"customer_id": "C28", "basket": [{"product_id": "P46", "price": 385}, {"product_id": "P54", "price": 1800}], "date_of_purchase": "2018-12-28 14:45:00"}
{"customer_id": "C31", "basket": [{"product_id": "P34", "price": 804}, {"product_id": "P25", "price": 307}, {"product_id": "P22", "price": 709}], "date_of_purchase": "2018-12-28 05:31:00"}
{"customer_id": "C39", "basket": [{"product_id": "P61", "price": 998}], "date_of_purchase": "2018-12-28 20:35:00"}
{"customer_id": "C42", "basket": [{"product_id": "P06", "price": 545}, {"product_id": "P10", "price": 495}], "date_of_purchase": "2018-12-28 07:50:00"}
{"customer_id": "C43", "basket": [{"product_id": "P51", "price": 1182}], "date_of_purchase": "2018-12-28 12:12:00"}
{"customer_id": "C47", "basket": [{"product_id": "P26", "price": 568}], "date_of_purchase": "2018-12-28 15:32:00"}
{"customer_id": "C50", "basket": [{"product_id": "P09", "price": 1873}], "date_of_purchase": "2018-12-28 14:44:00"}
{"customer_id": "C64", "basket": [{"product_id": "P15", "price": 698}], "date_of_purchase": "2018-12-28 05:35:00"}
{"customer_id": "C65", "basket": [{"product_id": "P03", "price": 1419}, {"product_id": "P08", "price": 288}, {"product_id": "P08", "price": 883}], "date_of_purchase": "2018-12-28 17:23:00"}
{"customer_id": "C91", "basket": [{"product_id": "P34", "price": 179}, {"product_id": "P22", "price": 1776}, {"product_id": "P27", "price": 788}], "date_of_purchase": "2018-12-28 12:53:00"}
{"customer_id": "C137", "basket": [{"product_id": "P63", "price": 1534}], "date_of_purchase": "2018-12-28 21:44:00"}
