{"customer_id": "C6", "basket": [{"product_id": "P63", "price": 1641}, {"product_id": "P63", "price": 807}], "date_of_purchase": "2019-02-01 20:10:00"}
{"customer_id": "C8", "basket": [{"product_id": "P01", "price": 369}], "date_of_purchase": "2019-02-01 04:04:00"}
{"customer_id": "C9", "basket": [{"product_id": "P63", "price": 70}], "date_of_purchase": "2019-02-01 03:46:00"}
{"customer_id": "C11", "basket": [{"product_id": "P22", "price": 1925}], "date_of_purchase": "2019-02-01 10:04:00"}
{"customer_id": "C12", "basket": [{"product_id": "P07", "price": 984}], "date_of_purchase": "2019-02-01 13:35:00"}
{"customer_id": "C17", "basket": [{"product_id": "P07", "price": 597}, {"product_id": "P01", "price": 703}, {"product_id": "P12", "price": 852}], "date_of_purchase": "2019-02-01 07:07:00"}
{"customer_id": "C20", "basket": [{"product_id": "P63", "price": 1946}, {"product_id": "P64", "price": 298}], "date_of_purchase": "2019-02-01 08:46:00"}
{"customer_id": "C24", "basket": [{"product_id": "P04", "price": 1878}], "date_of_purchase": "2019-02-01 10:01:00"}
{"customer_id": "C25", "basket": [{"product_id": "P62", "price": 445}, {"product_id": "P63", "price": 1741}, {"product_id": "P63", "price": 1555}], "date_of_purchase": "2019-02-01 08:27:00"}
{"customer_id": "C32", "basket": [{"product_id": "P62", "price": 1354}, {"product_id": "P64", "price": 1171}, {"product_id": "P61", "price": 143}], "date_of_purchase": "2019-02-01 18:28:00"}
{"customer_id": "C37", "basket": [{"product_id": "P35", "price": 431}, {"product_id": "P38", "price": 1558}, {"product_id": "P36", "price": 437}], "date_of_purchase": "2019-02-01 09:08:00"}
{"customer_id": "C46", "basket": [{"product_id": "P33", "price": 1578}, {"product_id": "P22", "price": 1679}, {"product_id": "P28", "price": 859}], "date_of_purchase": "2019-02-01 10:40:00"}
{"customer_id": "C55", "basket": [{"product_id": "P43", "price": 621}], "date_of_purchase": "2019-02-01 08:12:00"}
{"customer_id": "C58", "basket": [{"product_id": "P08", "price": 865}], "date_of_purchase": "2019-02-01 06:13:00"}
{"customer_id": "C59", "basket": [{"product_id": "P49", "price": 456}, {"product_id": "P55", "price": 790}, {"product_id": "P47", "price": 1244}], "date_of_purchase": "2019-02-01 17:55:00"}
{"customer_id": "C66", "basket": [{"product_id": "P37", "price": 1770}], "date_of_purchase": "2019-02-01 05:10:00"}
{"customer_id": "C67", "basket": [{"product_id": "P26", "price": 678}, {"product_id": "P30", "price": 1369}, {"product_id": "P34", "price": 552}], "date_of_purchase": "2019-02-01 06:44:00"}
{"customer_id": "C75", "basket": [{"product_id": "P58", "price": 1540}], "date_of_purchase": "2019-02-01 11:02:00"}
{"customer_id": "C81", "basket": [{"product_id": "P32", "price": 1486}], "date_of_purchase": "2019-02-01 04:00:00"}
{"customer_id": "C88", "basket": [{"product_id": "P08", "price": 1579}, {"product_id": "P04", "price": 1824}, {"product_id": "P07", "price": 1877}], "date_of_purchase": "2019-02-01 05:50:00"}
{"customer_id": "C96", "basket": [{"product_id": "P40", "price": 1563}, {"product_id": "P35", "price": 553}, {"product_id": "P37", "price": 1934}], "date_of_purchase": "2019-02-01 05:34:00"}
{"customer_id": "C98", "basket": [{"product_id": "P61", "price": 1888}, {"product_id": "P61", "price": 467}], "date_of_purchase": "2019-02-01 23:24:00"}
{"customer_id": "C102", "basket": [{"product_id": "P47", "price": 1506}], "date_of_purchase": "2019-02-01 15:32:00"}
{"customer_id": "C106", "basket": [{"product_id": "P32", "price": 1058}, {"product_id": "P33", "price": 1723}], "date_of_purchase": "2019-02-01 02:49:00"}
{"customer_id": "C132", "basket": [{"product_id": "P37", "price": 574}], "date_of_purchase": "2019-02-01 07:33:00"}
{"customer_id": "C133", "basket": [{"product_id": "P29", "price": 319}, {"product_id": "P34", "price": 3}], "date_of_purchase": "2019-02-01 21:16:00"}
{"customer_id": "C135", "basket": [{"product_id": "P51", "price": 1729}, {"product_id": "P60", "price": 1438}], "date_of_purchase": "2019-02-01 05:30:00"}
