{"customer_id": "C1", "basket": [{"product_id": "P07", "price": 469}], "date_of_purchase": "2018-12-16 23:21:00"}
{"customer_id": "C28", "basket": [{"product_id": "P27", "price": 1928}, {"product_id": "P30", "price": 1772}], "date_of_purchase": "2018-12-16 06:33:00"}
{"customer_id": "C29", "basket": [{"product_id": "P57", "price": 759}, {"product_id": "P54", "price": 759}], "date_of_purchase": "2018-12-16 06:50:00"}
{"customer_id": "C45", "basket": [{"product_id": "P32", "price": 185}, {"product_id": "P34", "price": 1390}, {"product_id": "P25", "price": 1365}], "date_of_purchase": "2018-12-16 04:37:00"}
{"customer_id": "C48", "basket": [{"product_id": "P24", "price": 162}], "date_of_purchase": "2018-12-16 12:42:00"}
{"customer_id": "C51", "basket": [{"product_id": "P02", "price": 1721}, {"product_id": "P06", "price": 1965}, {"product_id": "P10", "price": 1536}], "date_of_purchase": "2018-12-16 21:11:00"}
{"customer_id": "C52", "basket": [{"product_id": "P34", "price": 1757}, {"product_id": "P32", "price": 1872}, {"product_id": "P29", "price": 1934}], "date_of_purchase": "2018-12-16 20:19:00"}
{"customer_id": "C58", "basket": [{"product_id": "P09", "price": 1857}], "date_of_purchase": "2018-12-16 14:57:00"}
{"customer_id": "C65", "basket": [{"product_id": "P40", "price": 857}, {"product_id": "P36", "price": 131}, {"product_id": "P37", "price": 1245}], "date_of_purchase": "2018-12-16 14:55:00"}
{"customer_id": "C74", "basket": [{"product_id": "P39", "price": 1190}, {"product_id": "P35", "price": 243}, {"product_id": "P37", "price": 1998}], "date_of_purchase": "2018-12-16 12:08:00"}
{"customer_id": "C78", "basket": [{"product_id": "P37", "price": 961}], "date_of_purchase": "2018-12-16 12:12:00"}
{"customer_id": "C81", "basket": [{"product_id": "P31", "price": 344}], "date_of_purchase": "2018-12-16 16:03:00"}
{"customer_id": "C84", "basket": [{"product_id": "P12", "price": 1978}, {"product_id": "P02", "price": 681}], "date_of_purchase": "2018-12-16 12:49:00"}
{"customer_id": "C93", "basket": [{"product_id": "P26", "price": 1121}, {"product_id": "P29", "price": 1113}, {"product_id": "P22", "price": 170}], "date_of_purchase": "2018-12-16 22:39:00"}
{"customer_id": "C102", "basket": [{"product_id": "P45", "price": 122}], "date_of_purchase": "2018-12-16 16:22:00"}
{"customer_id": "C103", "basket": [{"product_id": "P61", "price": 1719}, {"product_id": "P64", "price": 724}, {"product_id": "P63", "price": 1057}], "date_of_purchase": "2018-12-16 15:17:00"}
{"customer_id": "C104", "basket": [{"product_id": "P36", "price": 310}, {"product_id": "P37", "price": 498}, {"product_id": "P40", "price": 1313}], "date_of_purchase": "2018-12-16 13:38:00"}
{"customer_id": "C111", "basket": [{"product_id": "P34", "price": 87}], "date_of_purchase": "2018-12-16 04:41:00"}
{"customer_id": "C117", "basket": [{"product_id": "P06", "price": 31}], "date_of_purchase": "2018-12-16 12:07:00"}
{"customer_id": "C126", "basket": [{"product_id": "P48", "price": 240}, {"product_id": "P56", "price": 1364}, {"product_id": "P50", "price": 993}], "date_of_purchase": "2018-12-16 16:57:00"}
{"customer_id": "C130", "basket": [{"product_id": "P37", "price": 1590}, {"product_id": "P38", "price": 1923}], "date_of_purchase": "2018-12-16 03:49:00"}
{"customer_id": "C137", "basket": [{"product_id": "P64", "price": 100}], "date_of_purchase": "2018-12-16 06:22:00"}
