{"customer_id": "C8", "basket": [{"product_id": "P03", "price": 819}, {"product_id": "P12", "price": 1710}], "date_of_purchase": "2019-02-20 15:45:00"}
{"customer_id": "C12", "basket": [{"product_id": "P22", "price": 1540}], "date_of_purchase": "2019-02-20 21:56:00"}
{"customer_id": "C15", "basket": [{"product_id": "P44", "price": 1014}, {"product_id": "P58", "price": 1475}, {"product_id": "P48", "price": 1937}], "date_of_purchase": "2019-02-20 17:38:00"}
{"customer_id": "C18", "basket": [{"product_id": "P38", "price": 749}], "date_of_purchase": "2019-02-20 23:06:00"}
{"customer_id": "C20", "basket": [{"product_id": "P59", "price": 526}, {"product_id": "P55", "price": 482}], "date_of_purchase": "2019-02-20 19:22:00"}
{"customer_id": "C21", "basket": [{"product_id": "P06", "price": 1572}, {"product_id": "P02", "price": 355}, {"product_id": "P04", "price": 213}], "date_of_purchase": "2019-02-20 15:55:00"}
{"customer_id": "C24", "basket": [{"product_id": "P52", "price": 1235}, {"product_id": "P59", "price": 792}, {"product_id": "P41", "price": 1265}], "date_of_purchase": "2019-02-20 04:10:00"}
{"customer_id": "C25", "basket": [{"product_id": "P64", "price": 1364}, {"product_id": "P62", "price": 1241}], "date_of_purchase": "2019-02-20 19:35:00"}
{"customer_id": "C27", "basket": [{"product_id": "P37", "price": 1676}, {"product_id": "P36", "price": 793}, {"product_id": "P38", "price": 655}], "date_of_purchase": "2019-02-20 17:58:00"}
{"customer_id": "C28", "basket": [{"product_id": "P25", "price": 1667}, {"product_id": "P33", "price": 103}, {"product_id": "P29", "price": 211}], "date_of_purchase": "2019-02-20 13:37:00"}
{"customer_id": "C31", "basket": [{"product_id": "P24", "price": 444}], "date_of_purchase": "2019-02-20 23:26:00"}
{"customer_id": "C37", "basket": [{"product_id": "P09", "price": 1409}, {"product_id": "P07", "price": 1355}], "date_of_purchase": "2019-02-20 09:34:00"}
{"customer_id": "C40", "basket": [{"product_id": "P48", "price": 1118}], "date_of_purchase": "2019-02-20 05:37:00"}
{"customer_id": "C44", "basket": [{"product_id": "P39", "price": 1140}], "date_of_purchase": "2019-02-20 17:00:00"}
{"customer_id": "C47", "basket": [{"product_id": "P22", "price": 382}, {"product_id": "P22", "price": 1827}], "date_of_purchase": "2019-02-20 03:41:00"}
{"customer_id": "C56", "basket": [{"product_id": "P35", "price": 524}, {"product_id": "P39", "price": 413}, {"product_id": "P39", "price": 1833}], "date_of_purchase": "2019-02-20 15:07:00"}
{"customer_id": "C59", "basket": [{"product_id": "P40", "price": 482}], "date_of_purchase": "2019-02-20 21:26:00"}
{"customer_id": "C60", "basket": [{"product_id": "P10", "price": 1101}, {"product_id": "P08", "price": 537}], "date_of_purchase": "2019-02-20 07:13:00"}
{"customer_id": "C75", "basket": [{"product_id": "P09", "price": 1379}], "date_of_purchase": "2019-02-20 12:57:00"}
{"customer_id": "C79", "basket": [{"product_id": "P63", "price": 915}, {"product_id": "P63", "price": 599}, {"product_id": "P61", "price": 1768}], "date_of_purchase": "2019-02-20 21:06:00"}
{"customer_id": "C81", "basket": [{"product_id": "P28", "price": 1517}], "date_of_purchase": "2019-02-20 14:46:00"}
{"customer_id": "C85", "basket": [{"product_id": "P28", "price": 260}], "date_of_purchase": "2019-02-20 12:27:00"}
{"customer_id": "C87", "basket": [{"product_id": "P17", "price": 1085}, {"product_id": "P20", "price": 545}], "date_of_purchase": "2019-02-20 20:54:00"}
{"customer_id": "C92", "basket": [{"product_id": "P16", "price": 1895}, {"product_id": "P21", "price": 781}], "date_of_purchase": "2019-02-20 17:32:00"}
{"customer_id": "C93", "basket": [{"product_id": "P27", "price": 1825}], "date_of_purchase": "2019-02-20 23:55:00"}
{"customer_id": "C96", "basket": [{"product_id": "P31", "price": 446}, {"product_id": "P32", "price": 680}], "date_of_purchase": "2019-02-20 13:29:00"}
{"customer_id": "C100", "basket": [{"product_id": "P03", "price": 1708}, {"product_id": "P02", "price": 1278}], "date_of_purchase": "2019-02-20 10:08:00"}
{"customer_id": "C102", "basket": [{"product_id": "P51", "price": 1621}, {"product_id": "P51", "price": 1868}], "date_of_purchase": "2019-02-20 19:14:00"}
{"customer_id": "C107", "basket": [{"product_id": "P05", "price": 1547}, {"product_id": "P11", "price": 388}], "date_of_purchase": "2019-02-20 22:41:00"}
{"customer_id": "C109", "basket": [{"product_id": "P36", "price": 1777}, {"product_id": "P36", "price": 1314}], "date_of_purchase": "2019-02-20 23:17:00"}
{"customer_id": "C113", "basket": [{"product_id": "P09", "price": 1048}, {"product_id": "P01", "price": 1466}], "date_of_purchase": "2019-02-20 20:35:00"}
{"customer_id": "C114", "basket": [{"product_id": "P34", "price": 1305}], "date_of_purchase": "2019-02-20 03:54:00"}
{"customer_id": "C117", "basket": [{"product_id": "P10", "price": 855}, {"product_id": "P06", "price": 1448}, {"product_id": "P11", "price": 507}], "date_of_purchase": "2019-02-20 12:34:00"}
{"customer_id": "C118", "basket": [{"product_id": "P09", "price": 940}], "date_of_purchase": "2019-02-20 18:02:00"}
