{"customer_id": "C4", "basket": [{"product_id": "P34", "price": 1923}, {"product_id": "P25", "price": 1287}, {"product_id": "P30", "price": 612}], "date_of_purchase": "2018-12-26 11:19:00"}
{"customer_id": "C6", "basket": [{"product_id": "P30", "price": 125}, {"product_id": "P22", "price": 1942}, {"product_id": "P23", "price": 292}], "date_of_purchase": "2018-12-26 20:30:00"}
{"customer_id": "C13", "basket": [{"product_id": "P61", "price": 508}, {"product_id": "P61", "price": 867}], "date_of_purchase": "2018-12-26 06:53:00"}
{"customer_id": "C18", "basket": [{"product_id": "P38", "price": 688}], "date_of_purchase": "2018-12-26 06:33:00"}
{"customer_id": "C27", "basket": [{"product_id": "P37", "price": 133}, {"product_id": "P39", "price": 426}], "date_of_purchase": "2018-12-26 06:33:00"}
{"customer_id": "C38", "basket": [{"product_id": "P38", "price": 1540}, {"product_id": "P38", "price": 1746}, {"product_id": "P40", "price": 566}], "date_of_purchase": "2018-12-26 20:55:00"}
{"customer_id": "C46", "basket": [{"product_id": "P39", "price": 174}], "date_of_purchase": "2018-12-26 18:22:00"}
{"customer_id": "C48", "basket": [{"product_id": "P50", "price": 293}, {"product_id": "P57", "price": 456}, {"product_id": "P49", "price": 14}], "date_of_purchase": "2018-12-26 14:15:00"}
{"customer_id": "C49", "basket": [{"product_id": "P12", "price": 1211}, {"product_id": "P05", "price": 1310}], "date_of_purchase": "2018-12-26 13:02:00"}
{"customer_id": "C51", "basket": [{"product_id": "P52", "price": 1056}], "date_of_purchase": "2018-12-26 06:51:00"}
{"customer_id": "C64", "basket": [{"product_id": "P16", "price": 487}], "date_of_purchase": "2018-12-26 03:07:00"}
{"customer_id": "C65", "basket": [{"product_id": "P25", "price": 1327}], "date_of_purchase": "2018-12-26 20:39:00"}
{"customer_id": "C76", "basket": [{"product_id": "P22", "price": 758}], "date_of_purchase": "2018-12-26 17:49:00"}
{"customer_id": "C86", "basket": [{"product_id": "P61", "price": 391}, {"product_id": "P64", "price": 1894}, {"product_id": "P62", "price": 308}], "date_of_purchase": "2018-12-26 11:31:00"}
{"customer_id": "C93", "basket": [{"product_id": "P11", "price": 71}, {"product_id": "P02", "price": 707}], "date_of_purchase": "2018-12-26 04:32:00"}
{"customer_id": "C96", "basket": [{"product_id": "P20", "price": 2}, {"product_id": "P19", "price": 1314}], "date_of_purchase": "2018-12-26 04:47:00"}
{"customer_id": "C99", "basket": [{"product_id": "P43", "price": 1871}, {"product_id": "P60", "price": 555}], "date_of_purchase": "2018-12-26 14:20:00"}
{"customer_id": "C109", "basket": [{"product_id": "P11", "price": 485}], "date_of_purchase": "2018-12-26 12:05:00"}
{"customer_id": "C115", "basket": [{"product_id": "P41", "price": 341}, {"product_id": "P44", "price": 643}, {"product_id": "P43", "price": 1250}], "date_of_purchase": "2018-12-26 14:02:00"}
{"customer_id": "C117", "basket": [{"product_id": "P01", "price": 1514}, {"product_id": "P05", "price": 556}], "date_of_purchase": "2018-12-26 12:21:00"}
{"customer_id": "C119", "basket": [{"product_id": "P28", "price": 1256}, {"product_id": "P26", "price": 284}, {"product_id": "P29", "price": 236}], "date_of_purchase": "2018-12-26 12:10:00"}
{"customer_id": "C120", "basket": [{"product_id": "P35", "price": 1446}, {"product_id": "P35", "price": 1626}], "date_of_purchase": "2018-12-26 04:41:00"}
{"customer_id": "C123", "basket": [{"product_id": "P32", "price": 1071}, {"product_id": "P32", "price": 1633}, {"product_id": "P30", "price": 1351}], "date_of_purchase": "2018-12-26 07:44:00"}
{"customer_id": "C127", "basket": [{"product_id": "P51", "price": 144}, {"product_id": "P46", "price": 1980}], "date_of_purchase": "2018-12-26 08:36:00"}
{"customer_id": "C132", "basket": [{"product_id": "P37", "price": 356}], "date_of_purchase": "2018-12-26 06:52:00"}
{"customer_id": "C134", "basket": [{"product_id": "P36", "price": 407}, {"product_id": "P40", "price": 914}], "date_of_purchase": "2018-12-26 10:34:00"}
{"customer_id": "C137", "basket": [{"product_id": "P64", "price": 1473}, {"product_id": "P63", "price": 91}], "date_of_purchase": "2018-12-26 13:21:00"}
