{"customer_id": "C3", "basket": [{"product_id": "P40", "price": 9}], "date_of_purchase": "2018-12-29 17:11:00"}
{"customer_id": "C7", "basket": [{"product_id": "P56", "price": 1906}, {"product_id": "P55", "price": 294}], "date_of_purchase": "2018-12-29 17:31:00"}
{"customer_id": "C10", "basket": [{"product_id": "P37", "price": 1113}, {"product_id": "P39", "price": 123}, {"product_id": "P35", "price": 1424}], "date_of_purchase": "2018-12-29 16:18:00"}
{"customer_id": "C28", "basket": [{"product_id": "P58", "price": 1412}], "date_of_purchase": "2018-12-29 10:26:00"}
{"customer_id": "C33", "basket": [{"product_id": "P63", "price": 1276}, {"product_id": "P64", "price": 1499}, {"product_id": "P64", "price": 1845}], "date_of_purchase": "2018-12-29 19:27:00"}
{"customer_id": "C35", "basket": [{"product_id": "P38", "price": 1651}, {"product_id": "P40", "price": 1394}, {"product_id": "P36", "price": 638}], "date_of_purchase": "2018-12-29 04:11:00"}
{"customer_id": "C41", "basket": [{"product_id": "P22", "price": 511}, {"product_id": "P28", "price": 1002}, {"product_id": "P25", "price": 820}], "date_of_purchase": "2018-12-29 05:38:00"}
{"customer_id": "C44", "basket": [{"product_id": "P18", "price": 1051}], "date_of_purchase": "2018-12-29 21:59:00"}
{"customer_id": "C45", "basket": [{"product_id": "P58", "price": 661}, {"product_id": "P54", "price": 212}], "date_of_purchase": "2018-12-29 18:51:00"}
{"customer_id": "C50", "basket": [{"product_id": "P06", "price": 1691}, {"product_id": "P05", "price": 1720}], "date_of_purchase": "2018-12-29 11:56:00"}
{"customer_id": "C52", "basket": [{"product_id": "P32", "price": 383}, {"product_id": "P26", "price": 892}], "date_of_purchase": "2018-12-29 05:49:00"}
{"customer_id": "C54", "basket": [{"product_id": "P35", "price": 402}, {"product_id": "P38", "price": 891}, {"product_id": "P40", "price": 130}], "date_of_purchase": "2018-12-29 04:11:00"}
{"customer_id": "C55", "basket": [{"product_id": "P60", "price": 1332}, {"product_id": "P46", "price": 1531}, {"product_id": "P42", "price": 1700}], "date_of_purchase": "2018-12-29 15:43:00"}
{"customer_id": "C56", "basket": [{"product_id": "P31", "price": 1937}, {"product_id": "P22", "price": 1166}, {"product_id": "P23", "price": 1409}], "date_of_purchase": "2018-12-29 04:14:00"}
{"customer_id": "C58", "basket": [{"product_id": "P05", "price": 235}, {"product_id": "P08", "price": 1815}, {"product_id": "P10", "price": 1972}], "date_of_purchase": "2018-12-29 19:39:00"}
{"customer_id": "C63", "basket": [{"product_id": "P47", "price": 755}, {"product_id": "P43", "price": 1624}, {"product_id": "P55", "price": 1945}], "date_of_purchase": "2018-12-29 07:16:00"}
{"customer_id": "C64", "basket": [{"product_id": "P16", "price": 1530}], "date_of_purchase": "2018-12-29 09:55:00"}
{"customer_id": "C66", "basket": [{"product_id": "P39", "price": 551}], "date_of_purchase": "2018-12-29 20:59:00"}
{"customer_id": "C74", "basket": [{"product_id": "P40", "price": 1638}, {"product_id": "P37", "price": 481}], "date_of_purchase": "2018-12-29 02:54:00"}
{"customer_id": "C76", "basket": [{"product_id": "P62", "price": 14}, {"product_id": "P61", "price": 1437}, {"product_id": "P62", "price": 1744}], "date_of_purchase": "2018-12-29 06:20:00"}
{"customer_id": "C88", "basket": [{"product_id": "P07", "price": 190}], "date_of_purchase": "2018-12-29 11:55:00"}
{"customer_id": "C101", "basket": [{"product_id": "P36", "price": 689}, {"product_id": "P39", "price": 1105}], "date_of_purchase": "2018-12-29 16:15:00"}
{"customer_id": "C107", "basket": [{"product_id": "P09", "price": 417}], "date_of_purchase": "2018-12-29 18:20:00"}
{"customer_id": "C113", "basket": [{"product_id": "P27", "price": 1707}, {"product_id": "P29", "price": 459}, {"product_id": "P26", "price": 355}], "date_of_purchase": "2018-12-29 10:12:00"}
{"customer_id": "C117", "basket": [{"product_id": "P08", "price": 321}, {"product_id": "P05", "price": 714}, {"product_id": "P04", "price": 1853}], "date_of_purchase": "2018-12-29 07:35:00"}
