{"customer_id": "C16", "basket": [{"product_id": "P39", "price": 476}], "date_of_purchase": "2019-02-09 20:30:00"}
{"customer_id": "C19", "basket": [{"product_id": "P13", "price": 1119}, {"product_id": "P20", "price": 1254}], "date_of_purchase": "2019-02-09 11:05:00"}
{"customer_id": "C32", "basket": [{"product_id": "P63", "price": 454}, {"product_id": "P62", "price": 285}, {"product_id": "P61", "price": 831}], "date_of_purchase": "2019-02-09 07:34:00"}
{"customer_id": "C35", "basket": [{"product_id": "P05", "price": 886}], "date_of_purchase": "2019-02-09 23:29:00"}
{"customer_id": "C39", "basket": [{"product_id": "P63", "price": 64}], "date_of_purchase": "2019-02-09 17:32:00"}
{"customer_id": "C40", "basket": [{"product_id": "P55", "price": 1830}], "date_of_purchase": "2019-02-09 12:35:00"}
{"customer_id": "C42", "basket": [{"product_id": "P01", "price": 765}], "date_of_purchase": "2019-02-09 16:03:00"}
{"customer_id": "C52", "basket": [{"product_id": "P28", "price": 49}, {"product_id": "P24", "price": 396}, {"product_id": "P26", "price": 166}], "date_of_purchase": "2019-02-09 11:39:00"}
{"customer_id": "C58", "basket": [{"product_id": "P63", "price": 1802}, {"product_id": "P64", "price": 1920}], "date_of_purchase": "2019-02-09 23:23:00"}
{"customer_id": "C59", "basket": [{"product_id": "P38", "price": 1605}], "date_of_purchase": "2019-02-09 21:06:00"}
{"customer_id": "C65", "basket": [{"product_id": "P01", "price": 1090}, {"product_id": "P09", "price": 1704}], "date_of_purchase": "2019-02-09 14:51:00"}
{"customer_id": "C67", "basket": [{"product_id": "P35", "price": 1348}, {"product_id": "P40", "price": 334}, {"product_id": "P37", "price": 670}], "date_of_purchase": "2019-02-09 18:50:00"}
{"customer_id": "C91", "basket": [{"product_id": "P22", "price": 803}, {"product_id": "P32", "price": 308}, {"product_id": "P32", "price": 794}], "date_of_purchase": "2019-02-09 05:18:00"}
{"customer_id": "C94", "basket": [{"product_id": "P31", "price": 1521}], "date_of_purchase": "2019-02-09 05:08:00"}
{"customer_id": "C99", "basket": [{"product_id": "P64", "price": 264}, {"product_id": "P62", "price": 1986}], "date_of_purchase": "2019-02-09 23:18:00"}
{"customer_id": "C100", "basket": [{"product_id": "P04", "price": 1554}, {"product_id": "P12", "price": 613}, {"product_id": "P08", "price": 930}], "date_of_purchase": "2019-02-09 18:40:00"}
{"customer_id": "C103", "basket": [{"product_id": "P41", "price": 1278}, {"product_id": "P47", "price": 1845}], "date_of_purchase": "2019-02-09 02:48:00"}
{"customer_id": "C108", "basket": [{"product_id": "P16", "price": 1944}, {"product_id": "P19", "price": 1494}, {"product_id": "P13", "price": 1457}], "date_of_purchase": "2019-02-09 21:40:00"}
{"customer_id": "C118", "basket": [{"product_id": "P11", "price": 216}, {"product_id": "P09", "price": 1953}, {"product_id": "P12", "price": 1109}], "date_of_purchase": "2019-02-09 09:10:00"}
{"customer_id": "C119", "basket": [{"product_id": "P33", "price": 349}, {"product_id": "P23", "price": 171}], "date_of_purchase": "2019-02-09 15:05:00"}
{"customer_id": "C125", "basket": [{"product_id": "P36", "price": 305}], "date_of_purchase": "2019-02-09 13:30:00"}
{"customer_id": "C127", "basket": [{"product_id": "P48", "price": 1821}, {"product_id": "P42", "price": 1431}], "date_of_purchase": "2019-02-09 18:51:00"}
