{"customer_id": "C5", "basket": [{"product_id": "P34", "price": 879}, {"product_id": "P22", "price": 1342}], "date_of_purchase": "2018-12-24 21:54:00"}
{"customer_id": "C11", "basket": [{"product_id": "P35", "price": 1599}, {"product_id": "P37", "price": 1849}, {"product_id": "P35", "price": 570}], "date_of_purchase": "2018-12-24 09:03:00"}
{"customer_id": "C13", "basket": [{"product_id": "P62", "price": 1317}], "date_of_purchase": "2018-12-24 05:58:00"}
{"customer_id": "C17", "basket": [{"product_id": "P40", "price": 1028}, {"product_id": "P39", "price": 1199}, {"product_id": "P38", "price": 1075}], "date_of_purchase": "2018-12-24 02:59:00"}
{"customer_id": "C27", "basket": [{"product_id": "P35", "price": 1859}, {"product_id": "P35", "price": 1010}], "date_of_purchase": "2018-12-24 16:26:00"}
{"customer_id": "C30", "basket": [{"product_id": "P36", "price": 795}, {"product_id": "P39", "price": 965}, {"product_id": "P38", "price": 87}], "date_of_purchase": "2018-12-24 20:12:00"}
{"customer_id": "C31", "basket": [{"product_id": "P27", "price": 1105}, {"product_id": "P27", "price": 464}], "date_of_purchase": "2018-12-24 06:01:00"}
{"customer_id": "C35", "basket": [{"product_id": "P40", "price": 1672}, {"product_id": "P39", "price": 285}, {"product_id": "P37", "price": 664}], "date_of_purchase": "2018-12-24 23:20:00"}
{"customer_id": "C38", "basket": [{"product_id": "P38", "price": 1589}], "date_of_purchase": "2018-12-24 14:34:00"}
{"customer_id": "C41", "basket": [{"product_id": "P42", "price": 1870}], "date_of_purchase": "2018-12-24 03:28:00"}
{"customer_id": "C46", "basket": [{"product_id": "P36", "price": 990}], "date_of_purchase": "2018-12-24 14:42:00"}
{"customer_id": "C51", "basket": [{"product_id": "P07", "price": 102}, {"product_id": "P12", "price": 346}], "date_of_purchase": "2018-12-24 13:30:00"}
{"customer_id": "C56", "basket": [{"product_id": "P28", "price": 1539}, {"product_id": "P30", "price": 532}, {"product_id": "P29", "price": 1248}], "date_of_purchase": "2018-12-24 13:02:00"}
{"customer_id": "C57", "basket": [{"product_id": "P28", "price": 604}], "date_of_purchase": "2018-12-24 11:07:00"}
{"customer_id": "C67", "basket": [{"product_id": "P37", "price": 1900}, {"product_id": "P35", "price": 699}], "date_of_purchase": "2018-12-24 12:37:00"}
{"customer_id": "C80", "basket": [{"product_id": "P51", "price": 1112}, {"product_id": "P54", "price": 266}], "date_of_purchase": "2018-12-24 23:45:00"}
{"customer_id": "C82", "basket": [{"product_id": "P06", "price": 380}, {"product_id": "P06", "price": 1384}], "date_of_purchase": "2018-12-24 22:12:00"}
{"customer_id": "C84", "basket": [{"product_id": "P40", "price": 281}, {"product_id": "P35", "price": 836}, {"product_id": "P37", "price": 1674}], "date_of_purchase": "2018-12-24 16:42:00"}
{"customer_id": "C85", "basket": [{"product_id": "P27", "price": 650}], "date_of_purchase": "2018-12-24 20:42:00"}
{"customer_id": "C91", "basket": [{"product_id": "P36", "price": 1198}], "date_of_purchase": "2018-12-24 07:26:00"}
{"customer_id": "C103", "basket": [{"product_id": "P61", "price": 246}], "date_of_purchase": "2018-12-24 16:26:00"}
{"customer_id": "C110", "basket": [{"product_id": "P40", "price": 55}], "date_of_purchase": "2018-12-24 23:08:00"}
{"customer_id": "C114", "basket": [{"product_id": "P24", "price": 1995}, {"product_id": "P30", "price": 1892}, {"product_id": "P33", "price": 1701}], "date_of_purchase": "2018-12-24 05:58:00"}
{"customer_id": "C119", "basket": [{"product_id": "P29", "price": 1847}, {"product_id": "P30", "price": 366}, {"product_id": "P28", "price": 1043}], "date_of_purchase": "2018-12-24 17:57:00"}
{"customer_id": "C127", "basket": [{"product_id": "P32", "price": 546}, {"product_id": "P25", "price": 356}, {"product_id": "P24", "price": 329}], "date_of_purchase": "2018-12-24 06:21:00"}
{"customer_id": "C137", "basket": [{"product_id": "P64", "price": 221}], "date_of_purchase": "2018-12-24 04:12:00"}
