{"customer_id": "C9", "basket": [{"product_id": "P04", "price": 1370}, {"product_id": "P06", "price": 357}, {"product_id": "P09", "price": 1420}], "date_of_purchase": "2019-02-13 05:25:00"}
{"customer_id": "C20", "basket": [{"product_id": "P47", "price": 947}, {"product_id": "P56", "price": 1584}, {"product_id": "P60", "price": 687}], "date_of_purchase": "2019-02-13 10:13:00"}
{"customer_id": "C36", "basket": [{"product_id": "P55", "price": 312}, {"product_id": "P49", "price": 1049}], "date_of_purchase": "2019-02-13 18:49:00"}
{"customer_id": "C51", "basket": [{"product_id": "P62", "price": 1890}, {"product_id": "P63", "price": 197}, {"product_id": "P61", "price": 1798}], "date_of_purchase": "2019-02-13 12:16:00"}
{"customer_id": "C59", "basket": [{"product_id": "P56", "price": 1613}], "date_of_purchase": "2019-02-13 18:33:00"}
{"customer_id": "C63", "basket": [{"product_id": "P37", "price": 646}], "date_of_purchase": "2019-02-13 23:06:00"}
{"customer_id": "C70", "basket": [{"product_id": "P05", "price": 954}, {"product_id": "P11", "price": 1948}], "date_of_purchase": "2019-02-13 21:08:00"}
{"customer_id": "C71", "basket": [{"product_id": "P35", "price": 675}, {"product_id": "P37", "price": 28}, {"product_id": "P36", "price": 697}], "date_of_purchase": "2019-02-13 04:01:00"}
{"customer_id": "C73", "basket": [{"product_id": "P10", "price": 1533}], "date_of_purchase": "2019-02-13 19:22:00"}
{"customer_id": "C74", "basket": [{"product_id": "P35", "price": 141}], "date_of_purchase": "2019-02-13 17:00:00"}
{"customer_id": "C81", "basket": [{"product_id": "P32", "price": 1611}], "date_of_purchase": "2019-02-13 20:01:00"}
{"customer_id": "C95", "basket": [{"product_id": "P17", "price": 1684}, {"product_id": "P13", "price": 1903}, {"product_id": "P20", "price": 1068}], "date_of_purchase": "2019-02-13 05:19:00"}
{"customer_id": "C115", "basket": [{"product_id": "P24", "price": 1258}, {"product_id": "P26", "price": 652}, {"product_id": "P23", "price": 943}], "date_of_purchase": "2019-02-13 08:49:00"}
{"customer_id": "C122", "basket": [{"product_id": "P33", "price": 1229}, {"product_id": "P34", "price": 239}], "date_of_purchase": "2019-02-13 13:03:00"}
{"customer_id": "C124", "basket": [{"product_id": "P22", "price": 83}], "date_of_purchase": "2019-02-13 14:19:00"}
