{"customer_id": "C7", "basket": [{"product_id": "P46", "price": 1979}], "date_of_purchase": "2019-02-11 10:09:00"}
{"customer_id": "C11", "basket": [{"product_id": "P31", "price": 48}, {"product_id": "P28", "price": 1160}], "date_of_purchase": "2019-02-11 09:38:00"}
{"customer_id": "C13", "basket": [{"product_id": "P63", "price": 1932}], "date_of_purchase": "2019-02-11 02:59:00"}
{"customer_id": "C15", "basket": [{"product_id": "P06", "price": 993}, {"product_id": "P01", "price": 664}, {"product_id": "P06", "price": 1501}], "date_of_purchase": "2019-02-11 22:15:00"}
{"customer_id": "C20", "basket": [{"product_id": "P63", "price": 375}, {"product_id": "P64", "price": 624}, {"product_id": "P63", "price": 1567}], "date_of_purchase": "2019-02-11 18:08:00"}
{"customer_id": "C45", "basket": [{"product_id": "P42", "price": 355}, {"product_id": "P51", "price": 1417}], "date_of_purchase": "2019-02-11 09:24:00"}
{"customer_id": "C48", "basket": [{"product_id": "P28", "price": 905}, {"product_id": "P27", "price": 1143}, {"product_id": "P31", "price": 1542}], "date_of_purchase": "2019-02-11 12:36:00"}
{"customer_id": "C52", "basket": [{"product_id": "P23", "price": 1223}, {"product_id": "P34", "price": 602}, {"product_id": "P28", "price": 1108}], "date_of_purchase": "2019-02-11 10:12:00"}
{"customer_id": "C62", "basket": [{"product_id": "P45", "price": 194}, {"product_id": "P56", "price": 605}], "date_of_purchase": "2019-02-11 16:34:00"}
{"customer_id": "C78", "basket": [{"product_id": "P35", "price": 1694}, {"product_id": "P39", "price": 201}], "date_of_purchase": "2019-02-11 13:35:00"}
{"customer_id": "C80", "basket": [{"product_id": "P61", "price": 1045}, {"product_id": "P64", "price": 1188}, {"product_id": "P62", "price": 1843}], "date_of_purchase": "2019-02-11 11:19:00"}
{"customer_id": "C90", "basket": [{"product_id": "P55", "price": 357}, {"product_id": "P56", "price": 655}, {"product_id": "P49", "price": 866}], "date_of_purchase": "2019-02-11 13:07:00"}
{"customer_id": "C91", "basket": [{"product_id": "P28", "price": 258}, {"product_id": "P26", "price": 1742}, {"product_id": "P30", "price": 24}], "date_of_purchase": "2019-02-11 08:17:00"}
{"customer_id": "C95", "basket": [{"product_id": "P20", "price": 759}, {"product_id": "P13", "price": 401}], "date_of_purchase": "2019-02-11 10:22:00"}
{"customer_id": "C98", "basket": [{"product_id": "P64", "price": 108}, {"product_id": "P64", "price": 1491}], "date_of_purchase": "2019-02-11 11:58:00"}
{"customer_id": "C103", "basket": [{"product_id": "P62", "price": 1065}, {"product_id": "P62", "price": 1310}, {"product_id": "P64", "price": 380}], "date_of_purchase": "2019-02-11 17:45:00"}
{"customer_id": "C105", "basket": [{"product_id": "P35", "price": 85}], "date_of_purchase": "2019-02-11 07:53:00"}
{"customer_id": "C107", "basket": [{"product_id": "P08", "price": 178}], "date_of_purchase": "2019-02-11 05:58:00"}
{"customer_id": "C108", "basket": [{"product_id": "P18", "price": 1407}, {"product_id": "P19", "price": 435}, {"product_id": "P15", "price": 312}], "date_of_purchase": "2019-02-11 13:33:00"}
{"customer_id": "C109", "basket": [{"product_id": "P43", "price": 1159}, {"product_id": "P57", "price": 414}], "date_of_purchase": "2019-02-11 07:38:00"}
{"customer_id": "C116", "basket": [{"product_id": "P40", "price": 619}, {"product_id": "P35", "price": 218}], "date_of_purchase": "2019-02-11 12:32:00"}
{"customer_id": "C117", "basket": [{"product_id": "P08", "price": 1287}, {"product_id": "P10", "price": 126}, {"product_id": "P10", "price": 593}], "date_of_purchase": "2019-02-11 15:55:00"}
{"customer_id": "C126", "basket": [{"product_id": "P56", "price": 1844}], "date_of_purchase": "2019-02-11 17:59:00"}
