{"customer_id":"C9","loyalty_score":"8","product_id":"P36","product_category":"sweets","purchase_count":1}
{"customer_id":"C6","loyalty_score":"10","product_id":"P61","product_category":"bws","purchase_count":1}
{"customer_id":"C6","loyalty_score":"10","product_id":"P62","product_category":"bws","purchase_count":1}
{"customer_id":"C20","loyalty_score":"2","product_id":"P30","product_category":"fruit_veg","purchase_count":1}
{"customer_id":"C2","loyalty_score":"4","product_id":"P11","product_category":"house","purchase_count":1}
{"customer_id":"C6","loyalty_score":"10","product_id":"P64","product_category":"bws","purchase_count":1}
{"customer_id":"C6","loyalty_score":"10","product_id":"P40","product_category":"sweets","purchase_count":1}
{"customer_id":"C6","loyalty_score":"10","product_id":"P38","product_category":"sweets","purchase_count":1}
