{"customer_id": "C7", "basket": [{"product_id": "P51", "price": 1207}, {"product_id": "P58", "price": 917}, {"product_id": "P43", "price": 1503}], "date_of_purchase": "2019-01-07 03:26:00"}
{"customer_id": "C13", "basket": [{"product_id": "P63", "price": 692}, {"product_id": "P63", "price": 873}, {"product_id": "P61", "price": 1583}], "date_of_purchase": "2019-01-07 14:30:00"}
{"customer_id": "C15", "basket": [{"product_id": "P06", "price": 1843}], "date_of_purchase": "2019-01-07 08:19:00"}
{"customer_id": "C27", "basket": [{"product_id": "P38", "price": 1041}, {"product_id": "P39", "price": 732}], "date_of_purchase": "2019-01-07 08:52:00"}
{"customer_id": "C34", "basket": [{"product_id": "P52", "price": 424}, {"product_id": "P47", "price": 1381}], "date_of_purchase": "2019-01-07 12:43:00"}
{"customer_id": "C39", "basket": [{"product_id": "P64", "price": 1153}, {"product_id": "P63", "price": 558}], "date_of_purchase": "2019-01-07 07:55:00"}
{"customer_id": "C40", "basket": [{"product_id": "P59", "price": 757}, {"product_id": "P51", "price": 698}, {"product_id": "P50", "price": 1659}], "date_of_purchase": "2019-01-07 12:49:00"}
{"customer_id": "C43", "basket": [{"product_id": "P03", "price": 1048}, {"product_id": "P11", "price": 836}], "date_of_purchase": "2019-01-07 16:49:00"}
{"customer_id": "C48", "basket": [{"product_id": "P38", "price": 274}, {"product_id": "P36", "price": 515}], "date_of_purchase": "2019-01-07 15:15:00"}
{"customer_id": "C50", "basket": [{"product_id": "P33", "price": 1595}], "date_of_purchase": "2019-01-07 13:22:00"}
{"customer_id": "C75", "basket": [{"product_id": "P02", "price": 810}, {"product_id": "P03", "price": 1646}, {"product_id": "P08", "price": 1200}], "date_of_purchase": "2019-01-07 02:48:00"}
{"customer_id": "C77", "basket": [{"product_id": "P19", "price": 1632}, {"product_id": "P17", "price": 1412}, {"product_id": "P20", "price": 1757}], "date_of_purchase": "2019-01-07 03:56:00"}
{"customer_id": "C81", "basket": [{"product_id": "P25", "price": 342}, {"product_id": "P25", "price": 869}], "date_of_purchase": "2019-01-07 22:03:00"}
{"customer_id": "C85", "basket": [{"product_id": "P56", "price": 1544}, {"product_id": "P59", "price": 173}, {"product_id": "P44", "price": 1228}], "date_of_purchase": "2019-01-07 17:08:00"}
{"customer_id": "C89", "basket": [{"product_id": "P41", "price": 854}], "date_of_purchase": "2019-01-07 14:52:00"}
{"customer_id": "C91", "basket": [{"product_id": "P38", "price": 489}, {"product_id": "P36", "price": 1138}, {"product_id": "P38", "price": 188}], "date_of_purchase": "2019-01-07 15:02:00"}
{"customer_id": "C97", "basket": [{"product_id": "P06", "price": 744}, {"product_id": "P10", "price": 497}], "date_of_purchase": "2019-01-07 20:51:00"}
{"customer_id": "C103", "basket": [{"product_id": "P53", "price": 1516}, {"product_id": "P41", "price": 768}], "date_of_purchase": "2019-01-07 16:07:00"}
{"customer_id": "C105", "basket": [{"product_id": "P59", "price": 849}, {"product_id": "P56", "price": 35}, {"product_id": "P50", "price": 588}], "date_of_purchase": "2019-01-07 06:59:00"}
{"customer_id": "C118", "basket": [{"product_id": "P04", "price": 1135}, {"product_id": "P01", "price": 340}, {"product_id": "P03", "price": 1508}], "date_of_purchase": "2019-01-07 15:54:00"}
{"customer_id": "C137", "basket": [{"product_id": "P61", "price": 1582}], "date_of_purchase": "2019-01-07 23:10:00"}
