{"customer_id": "C1", "basket": [{"product_id": "P60", "price": 618}, {"product_id": "P46", "price": 367}, {"product_id": "P57", "price": 1755}], "date_of_purchase": "2018-12-05 23:45:00"}
{"customer_id": "C10", "basket": [{"product_id": "P39", "price": 1221}, {"product_id": "P39", "price": 441}, {"product_id": "P40", "price": 1810}], "date_of_purchase": "2018-12-05 17:45:00"}
{"customer_id": "C13", "basket": [{"product_id": "P52", "price": 1572}, {"product_id": "P50", "price": 1771}, {"product_id": "P59", "price": 1559}], "date_of_purchase": "2018-12-05 03:58:00"}
{"customer_id": "C25", "basket": [{"product_id": "P63", "price": 1488}], "date_of_purchase": "2018-12-05 20:55:00"}
{"customer_id": "C29", "basket": [{"product_id": "P59", "price": 662}, {"product_id": "P56", "price": 1458}, {"product_id": "P47", "price": 882}], "date_of_purchase": "2018-12-05 04:01:00"}
{"customer_id": "C36", "basket": [{"product_id": "P46", "price": 89}, {"product_id": "P60", "price": 1262}], "date_of_purchase": "2018-12-05 21:38:00"}
{"customer_id": "C43", "basket": [{"product_id": "P11", "price": 505}, {"product_id": "P08", "price": 121}], "date_of_purchase": "2018-12-05 07:04:00"}
{"customer_id": "C44", "basket": [{"product_id": "P37", "price": 1717}, {"product_id": "P40", "price": 304}, {"product_id": "P39", "price": 435}], "date_of_purchase": "2018-12-05 23:23:00"}
{"customer_id": "C46", "basket": [{"product_id": "P38", "price": 832}], "date_of_purchase": "2018-12-05 23:13:00"}
{"customer_id": "C48", "basket": [{"product_id": "P33", "price": 342}, {"product_id": "P33", "price": 552}], "date_of_purchase": "2018-12-05 04:03:00"}
{"customer_id": "C50", "basket": [{"product_id": "P29", "price": 1697}, {"product_id": "P29", "price": 536}, {"product_id": "P30", "price": 1548}], "date_of_purchase": "2018-12-05 21:27:00"}
{"customer_id": "C52", "basket": [{"product_id": "P33", "price": 342}, {"product_id": "P27", "price": 518}], "date_of_purchase": "2018-12-05 17:36:00"}
{"customer_id": "C59", "basket": [{"product_id": "P37", "price": 165}, {"product_id": "P38", "price": 970}], "date_of_purchase": "2018-12-05 13:58:00"}
{"customer_id": "C65", "basket": [{"product_id": "P39", "price": 1739}, {"product_id": "P39", "price": 1295}], "date_of_purchase": "2018-12-05 03:33:00"}
{"customer_id": "C67", "basket": [{"product_id": "P41", "price": 378}, {"product_id": "P58", "price": 473}, {"product_id": "P60", "price": 258}], "date_of_purchase": "2018-12-05 21:41:00"}
{"customer_id": "C73", "basket": [{"product_id": "P40", "price": 128}, {"product_id": "P37", "price": 1831}, {"product_id": "P38", "price": 13}], "date_of_purchase": "2018-12-05 07:07:00"}
{"customer_id": "C89", "basket": [{"product_id": "P52", "price": 1958}, {"product_id": "P53", "price": 1966}, {"product_id": "P60", "price": 873}], "date_of_purchase": "2018-12-05 12:40:00"}
{"customer_id": "C119", "basket": [{"product_id": "P25", "price": 1620}, {"product_id": "P27", "price": 194}], "date_of_purchase": "2018-12-05 21:26:00"}
