{"customer_id": "C2", "basket": [{"product_id": "P09", "price": 1652}], "date_of_purchase": "2018-12-01 16:15:00"}
{"customer_id": "C9", "basket": [{"product_id": "P36", "price": 1745}, {"product_id": "P37", "price": 1733}], "date_of_purchase": "2018-12-01 22:38:00"}
{"customer_id": "C10", "basket": [{"product_id": "P38", "price": 1859}], "date_of_purchase": "2018-12-01 19:26:00"}
{"customer_id": "C13", "basket": [{"product_id": "P62", "price": 1743}], "date_of_purchase": "2018-12-01 22:51:00"}
{"customer_id": "C22", "basket": [{"product_id": "P28", "price": 1187}, {"product_id": "P32", "price": 1780}, {"product_id": "P26", "price": 905}], "date_of_purchase": "2018-12-01 04:12:00"}
{"customer_id": "C30", "basket": [{"product_id": "P31", "price": 229}], "date_of_purchase": "2018-12-01 22:37:00"}
{"customer_id": "C41", "basket": [{"product_id": "P29", "price": 421}], "date_of_purchase": "2018-12-01 16:06:00"}
{"customer_id": "C45", "basket": [{"product_id": "P02", "price": 1348}], "date_of_purchase": "2018-12-01 03:11:00"}
{"customer_id": "C46", "basket": [{"product_id": "P40", "price": 841}], "date_of_purchase": "2018-12-01 03:57:00"}
{"customer_id": "C60", "basket": [{"product_id": "P02", "price": 1495}, {"product_id": "P02", "price": 722}], "date_of_purchase": "2018-12-01 17:42:00"}
{"customer_id": "C63", "basket": [{"product_id": "P36", "price": 1269}], "date_of_purchase": "2018-12-01 04:41:00"}
{"customer_id": "C66", "basket": [{"product_id": "P39", "price": 1158}, {"product_id": "P40", "price": 93}], "date_of_purchase": "2018-12-01 22:14:00"}
{"customer_id": "C72", "basket": [{"product_id": "P43", "price": 805}, {"product_id": "P56", "price": 1687}, {"product_id": "P53", "price": 1439}], "date_of_purchase": "2018-12-01 16:31:00"}
{"customer_id": "C74", "basket": [{"product_id": "P36", "price": 1350}, {"product_id": "P35", "price": 602}], "date_of_purchase": "2018-12-01 06:43:00"}
{"customer_id": "C78", "basket": [{"product_id": "P43", "price": 1542}], "date_of_purchase": "2018-12-01 15:54:00"}
{"customer_id": "C81", "basket": [{"product_id": "P25", "price": 1958}, {"product_id": "P33", "price": 1309}], "date_of_purchase": "2018-12-01 14:43:00"}
{"customer_id": "C85", "basket": [{"product_id": "P23", "price": 1121}], "date_of_purchase": "2018-12-01 22:52:00"}
{"customer_id": "C89", "basket": [{"product_id": "P55", "price": 924}, {"product_id": "P44", "price": 992}, {"product_id": "P53", "price": 315}], "date_of_purchase": "2018-12-01 08:54:00"}
{"customer_id": "C93", "basket": [{"product_id": "P06", "price": 1558}, {"product_id": "P11", "price": 954}], "date_of_purchase": "2018-12-01 23:23:00"}
{"customer_id": "C109", "basket": [{"product_id": "P46", "price": 560}], "date_of_purchase": "2018-12-01 09:30:00"}
{"customer_id": "C133", "basket": [{"product_id": "P23", "price": 269}, {"product_id": "P25", "price": 781}], "date_of_purchase": "2018-12-01 22:39:00"}
