{"customer_id":"C2","loyalty_score":"4","product_id":"P08","product_category":"house","purchase_count":1}
{"customer_id":"C5","loyalty_score":"7","product_id":"P22","product_category":"fruit_veg","purchase_count":1}
{"customer_id":"C3","loyalty_score":"8","product_id":"P40","product_category":"sweets","purchase_count":1}
{"customer_id":"C2","loyalty_score":"4","product_id":"P02","product_category":"house","purchase_count":1}
{"customer_id":"C4","loyalty_score":"5","product_id":"P34","product_category":"fruit_veg","purchase_count":1}
{"customer_id":"C4","loyalty_score":"5","product_id":"P25","product_category":"fruit_veg","purchase_count":1}
{"customer_id":"C4","loyalty_score":"5","product_id":"P30","product_category":"fruit_veg","purchase_count":1}
{"customer_id":"C5","loyalty_score":"7","product_id":"P34","product_category":"fruit_veg","purchase_count":1}
{"customer_id":"C1","loyalty_score":"7","product_id":"P50","product_category":"food","purchase_count":1}
{"customer_id":"C1","loyalty_score":"7","product_id":"P51","product_category":"food","purchase_count":1}
{"customer_id":"C1","loyalty_score":"7","product_id":"P47","product_category":"food","purchase_count":1}
{"customer_id":"C3","loyalty_score":"8","product_id":"P46","product_category":"food","purchase_count":1}
{"customer_id":"C2","loyalty_score":"4","product_id":"P20","product_category":"clothes","purchase_count":1}
{"customer_id":"C2","loyalty_score":"4","product_id":"P21","product_category":"clothes","purchase_count":1}
{"customer_id":"C3","loyalty_score":"8","product_id":"P54","product_category":"food","purchase_count":1}
{"customer_id":"C2","loyalty_score":"4","product_id":"P14","product_category":"clothes","purchase_count":1}
