{"customer_id": "C9", "basket": [{"product_id": "P01", "price": 1312}, {"product_id": "P03", "price": 1334}, {"product_id": "P08", "price": 47}], "date_of_purchase": "2019-01-30 15:26:00"}
{"customer_id": "C16", "basket": [{"product_id": "P48", "price": 1940}, {"product_id": "P53", "price": 1480}, {"product_id": "P58", "price": 1327}], "date_of_purchase": "2019-01-30 13:42:00"}
{"customer_id": "C27", "basket": [{"product_id": "P38", "price": 340}], "date_of_purchase": "2019-01-30 15:25:00"}
{"customer_id": "C46", "basket": [{"product_id": "P34", "price": 164}], "date_of_purchase": "2019-01-30 10:02:00"}
{"customer_id": "C52", "basket": [{"product_id": "P26", "price": 88}, {"product_id": "P27", "price": 463}, {"product_id": "P23", "price": 489}], "date_of_purchase": "2019-01-30 03:34:00"}
{"customer_id": "C53", "basket": [{"product_id": "P40", "price": 940}, {"product_id": "P39", "price": 1814}], "date_of_purchase": "2019-01-30 06:53:00"}
{"customer_id": "C55", "basket": [{"product_id": "P58", "price": 1653}, {"product_id": "P41", "price": 1651}], "date_of_purchase": "2019-01-30 10:42:00"}
{"customer_id": "C66", "basket": [{"product_id": "P35", "price": 201}, {"product_id": "P37", "price": 1016}], "date_of_purchase": "2019-01-30 11:36:00"}
{"customer_id": "C82", "basket": [{"product_id": "P38", "price": 1992}], "date_of_purchase": "2019-01-30 09:58:00"}
{"customer_id": "C86", "basket": [{"product_id": "P62", "price": 597}], "date_of_purchase": "2019-01-30 12:46:00"}
{"customer_id": "C100", "basket": [{"product_id": "P03", "price": 1614}], "date_of_purchase": "2019-01-30 16:14:00"}
{"customer_id": "C103", "basket": [{"product_id": "P47", "price": 910}, {"product_id": "P58", "price": 862}, {"product_id": "P57", "price": 1194}], "date_of_purchase": "2019-01-30 17:40:00"}
{"customer_id": "C108", "basket": [{"product_id": "P60", "price": 668}, {"product_id": "P54", "price": 207}, {"product_id": "P47", "price": 1166}], "date_of_purchase": "2019-01-30 19:30:00"}
{"customer_id": "C109", "basket": [{"product_id": "P05", "price": 95}, {"product_id": "P07", "price": 989}, {"product_id": "P08", "price": 1369}], "date_of_purchase": "2019-01-30 06:50:00"}
{"customer_id": "C118", "basket": [{"product_id": "P04", "price": 1026}, {"product_id": "P03", "price": 705}], "date_of_purchase": "2019-01-30 09:33:00"}
{"customer_id": "C131", "basket": [{"product_id": "P64", "price": 321}, {"product_id": "P63", "price": 1942}], "date_of_purchase": "2019-01-30 04:07:00"}
{"customer_id": "C134", "basket": [{"product_id": "P35", "price": 612}], "date_of_purchase": "2019-01-30 09:42:00"}
{"customer_id": "C136", "basket": [{"product_id": "P27", "price": 622}, {"product_id": "P26", "price": 1903}], "date_of_purchase": "2019-01-30 20:48:00"}
