{"customer_id": "C8", "basket": [{"product_id": "P01", "price": 6}, {"product_id": "P02", "price": 1595}], "date_of_purchase": "2018-12-07 22:31:00"}
{"customer_id": "C11", "basket": [{"product_id": "P23", "price": 1775}, {"product_id": "P29", "price": 1811}, {"product_id": "P29", "price": 1611}], "date_of_purchase": "2018-12-07 08:03:00"}
{"customer_id": "C13", "basket": [{"product_id": "P64", "price": 1468}], "date_of_purchase": "2018-12-07 07:43:00"}
{"customer_id": "C21", "basket": [{"product_id": "P07", "price": 801}], "date_of_purchase": "2018-12-07 14:01:00"}
{"customer_id": "C36", "basket": [{"product_id": "P47", "price": 503}, {"product_id": "P59", "price": 823}, {"product_id": "P55", "price": 1009}], "date_of_purchase": "2018-12-07 09:38:00"}
{"customer_id": "C37", "basket": [{"product_id": "P37", "price": 1028}, {"product_id": "P36", "price": 1853}, {"product_id": "P36", "price": 1867}], "date_of_purchase": "2018-12-07 13:19:00"}
{"customer_id": "C41", "basket": [{"product_id": "P50", "price": 997}], "date_of_purchase": "2018-12-07 07:09:00"}
{"customer_id": "C58", "basket": [{"product_id": "P01", "price": 834}, {"product_id": "P08", "price": 1421}], "date_of_purchase": "2018-12-07 23:15:00"}
{"customer_id": "C65", "basket": [{"product_id": "P02", "price": 1385}], "date_of_purchase": "2018-12-07 11:34:00"}
{"customer_id": "C71", "basket": [{"product_id": "P56", "price": 457}, {"product_id": "P43", "price": 427}, {"product_id": "P46", "price": 373}], "date_of_purchase": "2018-12-07 17:56:00"}
{"customer_id": "C91", "basket": [{"product_id": "P38", "price": 1771}, {"product_id": "P37", "price": 1064}, {"product_id": "P35", "price": 1966}], "date_of_purchase": "2018-12-07 10:55:00"}
{"customer_id": "C99", "basket": [{"product_id": "P50", "price": 697}, {"product_id": "P54", "price": 1022}, {"product_id": "P48", "price": 336}], "date_of_purchase": "2018-12-07 03:07:00"}
{"customer_id": "C102", "basket": [{"product_id": "P59", "price": 1796}, {"product_id": "P41", "price": 1361}], "date_of_purchase": "2018-12-07 04:36:00"}
{"customer_id": "C103", "basket": [{"product_id": "P62", "price": 274}, {"product_id": "P62", "price": 412}], "date_of_purchase": "2018-12-07 19:27:00"}
{"customer_id": "C106", "basket": [{"product_id": "P12", "price": 833}], "date_of_purchase": "2018-12-07 17:49:00"}
{"customer_id": "C116", "basket": [{"product_id": "P10", "price": 587}], "date_of_purchase": "2018-12-07 03:00:00"}
{"customer_id": "C132", "basket": [{"product_id": "P39", "price": 127}, {"product_id": "P36", "price": 1825}], "date_of_purchase": "2018-12-07 07:17:00"}
