{"customer_id": "C2", "basket": [{"product_id": "P36", "price": 1141}], "date_of_purchase": "2019-01-21 14:41:00"}
{"customer_id": "C15", "basket": [{"product_id": "P02", "price": 740}, {"product_id": "P01", "price": 944}, {"product_id": "P02", "price": 1331}], "date_of_purchase": "2019-01-21 23:50:00"}
{"customer_id": "C17", "basket": [{"product_id": "P40", "price": 506}], "date_of_purchase": "2019-01-21 18:36:00"}
{"customer_id": "C21", "basket": [{"product_id": "P64", "price": 1392}, {"product_id": "P62", "price": 472}, {"product_id": "P62", "price": 501}], "date_of_purchase": "2019-01-21 04:37:00"}
{"customer_id": "C28", "basket": [{"product_id": "P51", "price": 187}, {"product_id": "P60", "price": 1183}, {"product_id": "P42", "price": 1314}], "date_of_purchase": "2019-01-21 14:24:00"}
{"customer_id": "C43", "basket": [{"product_id": "P22", "price": 666}, {"product_id": "P27", "price": 945}, {"product_id": "P26", "price": 628}], "date_of_purchase": "2019-01-21 05:22:00"}
{"customer_id": "C58", "basket": [{"product_id": "P02", "price": 1774}, {"product_id": "P05", "price": 1887}, {"product_id": "P04", "price": 1846}], "date_of_purchase": "2019-01-21 15:53:00"}
{"customer_id": "C59", "basket": [{"product_id": "P37", "price": 1314}, {"product_id": "P38", "price": 576}, {"product_id": "P35", "price": 659}], "date_of_purchase": "2019-01-21 13:13:00"}
{"customer_id": "C60", "basket": [{"product_id": "P59", "price": 162}, {"product_id": "P56", "price": 1971}, {"product_id": "P49", "price": 1807}], "date_of_purchase": "2019-01-21 12:31:00"}
{"customer_id": "C61", "basket": [{"product_id": "P05", "price": 925}], "date_of_purchase": "2019-01-21 12:34:00"}
{"customer_id": "C65", "basket": [{"product_id": "P37", "price": 89}], "date_of_purchase": "2019-01-21 15:56:00"}
{"customer_id": "C66", "basket": [{"product_id": "P31", "price": 950}], "date_of_purchase": "2019-01-21 09:39:00"}
{"customer_id": "C69", "basket": [{"product_id": "P51", "price": 1379}], "date_of_purchase": "2019-01-21 18:32:00"}
{"customer_id": "C73", "basket": [{"product_id": "P39", "price": 1184}], "date_of_purchase": "2019-01-21 18:55:00"}
{"customer_id": "C82", "basket": [{"product_id": "P02", "price": 705}, {"product_id": "P08", "price": 1758}, {"product_id": "P07", "price": 1066}], "date_of_purchase": "2019-01-21 03:47:00"}
{"customer_id": "C84", "basket": [{"product_id": "P08", "price": 1618}, {"product_id": "P08", "price": 728}, {"product_id": "P06", "price": 1380}], "date_of_purchase": "2019-01-21 20:39:00"}
{"customer_id": "C95", "basket": [{"product_id": "P16", "price": 1480}], "date_of_purchase": "2019-01-21 08:32:00"}
{"customer_id": "C103", "basket": [{"product_id": "P40", "price": 1167}], "date_of_purchase": "2019-01-21 15:28:00"}
{"customer_id": "C115", "basket": [{"product_id": "P47", "price": 1758}, {"product_id": "P57", "price": 741}], "date_of_purchase": "2019-01-21 20:32:00"}
{"customer_id": "C125", "basket": [{"product_id": "P31", "price": 90}], "date_of_purchase": "2019-01-21 14:09:00"}
{"customer_id": "C129", "basket": [{"product_id": "P64", "price": 166}, {"product_id": "P64", "price": 354}], "date_of_purchase": "2019-01-21 15:24:00"}
{"customer_id": "C131", "basket": [{"product_id": "P35", "price": 873}, {"product_id": "P35", "price": 503}, {"product_id": "P36", "price": 1029}], "date_of_purchase": "2019-01-21 05:34:00"}
{"customer_id": "C135", "basket": [{"product_id": "P42", "price": 1624}, {"product_id": "P48", "price": 716}, {"product_id": "P53", "price": 1697}], "date_of_purchase": "2019-01-21 10:27:00"}
