{"customer_id": "C7", "basket": [{"product_id": "P46", "price": 412}], "date_of_purchase": "2019-02-15 11:13:00"}
{"customer_id": "C42", "basket": [{"product_id": "P37", "price": 1969}], "date_of_purchase": "2019-02-15 23:19:00"}
{"customer_id": "C50", "basket": [{"product_id": "P26", "price": 786}, {"product_id": "P22", "price": 1051}], "date_of_purchase": "2019-02-15 21:59:00"}
{"customer_id": "C62", "basket": [{"product_id": "P40", "price": 458}, {"product_id": "P40", "price": 118}], "date_of_purchase": "2019-02-15 07:06:00"}
{"customer_id": "C73", "basket": [{"product_id": "P37", "price": 1355}, {"product_id": "P36", "price": 1838}], "date_of_purchase": "2019-02-15 03:11:00"}
{"customer_id": "C82", "basket": [{"product_id": "P05", "price": 440}, {"product_id": "P03", "price": 1505}], "date_of_purchase": "2019-02-15 10:10:00"}
{"customer_id": "C85", "basket": [{"product_id": "P39", "price": 490}, {"product_id": "P39", "price": 456}, {"product_id": "P37", "price": 117}], "date_of_purchase": "2019-02-15 23:34:00"}
{"customer_id": "C88", "basket": [{"product_id": "P55", "price": 1555}], "date_of_purchase": "2019-02-15 17:30:00"}
{"customer_id": "C92", "basket": [{"product_id": "P33", "price": 1936}], "date_of_purchase": "2019-02-15 20:27:00"}
{"customer_id": "C93", "basket": [{"product_id": "P04", "price": 1317}], "date_of_purchase": "2019-02-15 11:00:00"}
{"customer_id": "C94", "basket": [{"product_id": "P29", "price": 935}, {"product_id": "P24", "price": 260}, {"product_id": "P23", "price": 1254}], "date_of_purchase": "2019-02-15 06:02:00"}
{"customer_id": "C102", "basket": [{"product_id": "P49", "price": 535}], "date_of_purchase": "2019-02-15 16:31:00"}
{"customer_id": "C107", "basket": [{"product_id": "P02", "price": 1607}, {"product_id": "P08", "price": 223}, {"product_id": "P02", "price": 1093}], "date_of_purchase": "2019-02-15 04:08:00"}
{"customer_id": "C108", "basket": [{"product_id": "P53", "price": 1011}, {"product_id": "P55", "price": 1518}, {"product_id": "P44", "price": 1494}], "date_of_purchase": "2019-02-15 20:48:00"}
{"customer_id": "C109", "basket": [{"product_id": "P38", "price": 1593}, {"product_id": "P40", "price": 1714}, {"product_id": "P36", "price": 81}], "date_of_purchase": "2019-02-15 04:32:00"}
{"customer_id": "C113", "basket": [{"product_id": "P08", "price": 832}, {"product_id": "P07", "price": 1397}, {"product_id": "P04", "price": 1148}], "date_of_purchase": "2019-02-15 05:47:00"}
{"customer_id": "C117", "basket": [{"product_id": "P12", "price": 346}, {"product_id": "P12", "price": 364}, {"product_id": "P08", "price": 666}], "date_of_purchase": "2019-02-15 22:31:00"}
{"customer_id": "C126", "basket": [{"product_id": "P43", "price": 132}, {"product_id": "P56", "price": 121}], "date_of_purchase": "2019-02-15 09:15:00"}
{"customer_id": "C131", "basket": [{"product_id": "P06", "price": 266}, {"product_id": "P08", "price": 78}, {"product_id": "P11", "price": 1754}], "date_of_purchase": "2019-02-15 10:37:00"}
{"customer_id": "C133", "basket": [{"product_id": "P38", "price": 1757}, {"product_id": "P38", "price": 536}, {"product_id": "P39", "price": 580}], "date_of_purchase": "2019-02-15 11:42:00"}
