{"customer_id": "C9", "basket": [{"product_id": "P11", "price": 643}], "date_of_purchase": "2019-01-02 09:52:00"}
{"customer_id": "C20", "basket": [{"product_id": "P46", "price": 1377}, {"product_id": "P50", "price": 917}], "date_of_purchase": "2019-01-02 19:17:00"}
{"customer_id": "C36", "basket": [{"product_id": "P02", "price": 987}], "date_of_purchase": "2019-01-02 13:42:00"}
{"customer_id": "C41", "basket": [{"product_id": "P28", "price": 288}], "date_of_purchase": "2019-01-02 21:02:00"}
{"customer_id": "C52", "basket": [{"product_id": "P27", "price": 7}], "date_of_purchase": "2019-01-02 19:23:00"}
{"customer_id": "C56", "basket": [{"product_id": "P40", "price": 765}, {"product_id": "P40", "price": 1639}, {"product_id": "P37", "price": 1436}], "date_of_purchase": "2019-01-02 23:40:00"}
{"customer_id": "C58", "basket": [{"product_id": "P02", "price": 1960}], "date_of_purchase": "2019-01-02 09:15:00"}
{"customer_id": "C62", "basket": [{"product_id": "P36", "price": 513}], "date_of_purchase": "2019-01-02 21:39:00"}
{"customer_id": "C63", "basket": [{"product_id": "P44", "price": 614}], "date_of_purchase": "2019-01-02 04:11:00"}
{"customer_id": "C64", "basket": [{"product_id": "P05", "price": 411}], "date_of_purchase": "2019-01-02 23:25:00"}
{"customer_id": "C69", "basket": [{"product_id": "P34", "price": 426}, {"product_id": "P28", "price": 1962}], "date_of_purchase": "2019-01-02 04:04:00"}
{"customer_id": "C75", "basket": [{"product_id": "P44", "price": 670}, {"product_id": "P57", "price": 821}, {"product_id": "P50", "price": 501}], "date_of_purchase": "2019-01-02 18:59:00"}
{"customer_id": "C79", "basket": [{"product_id": "P29", "price": 176}, {"product_id": "P33", "price": 960}, {"product_id": "P32", "price": 1072}], "date_of_purchase": "2019-01-02 21:16:00"}
{"customer_id": "C80", "basket": [{"product_id": "P29", "price": 224}, {"product_id": "P27", "price": 1226}, {"product_id": "P24", "price": 855}], "date_of_purchase": "2019-01-02 11:23:00"}
{"customer_id": "C82", "basket": [{"product_id": "P37", "price": 1881}, {"product_id": "P40", "price": 1015}, {"product_id": "P37", "price": 397}], "date_of_purchase": "2019-01-02 09:58:00"}
{"customer_id": "C90", "basket": [{"product_id": "P36", "price": 711}, {"product_id": "P40", "price": 1645}], "date_of_purchase": "2019-01-02 05:28:00"}
{"customer_id": "C93", "basket": [{"product_id": "P09", "price": 793}, {"product_id": "P07", "price": 654}], "date_of_purchase": "2019-01-02 14:09:00"}
{"customer_id": "C105", "basket": [{"product_id": "P37", "price": 730}, {"product_id": "P39", "price": 873}, {"product_id": "P39", "price": 280}], "date_of_purchase": "2019-01-02 03:34:00"}
{"customer_id": "C107", "basket": [{"product_id": "P06", "price": 329}, {"product_id": "P07", "price": 923}], "date_of_purchase": "2019-01-02 03:46:00"}
{"customer_id": "C115", "basket": [{"product_id": "P09", "price": 219}], "date_of_purchase": "2019-01-02 03:38:00"}
{"customer_id": "C120", "basket": [{"product_id": "P39", "price": 1031}, {"product_id": "P38", "price": 880}, {"product_id": "P35", "price": 1787}], "date_of_purchase": "2019-01-02 21:46:00"}
{"customer_id": "C122", "basket": [{"product_id": "P46", "price": 47}], "date_of_purchase": "2019-01-02 21:08:00"}
{"customer_id": "C126", "basket": [{"product_id": "P42", "price": 610}], "date_of_purchase": "2019-01-02 14:56:00"}
{"customer_id": "C128", "basket": [{"product_id": "P44", "price": 1084}, {"product_id": "P46", "price": 1264}], "date_of_purchase": "2019-01-02 10:51:00"}
{"customer_id": "C129", "basket": [{"product_id": "P31", "price": 1995}], "date_of_purchase": "2019-01-02 23:47:00"}
