{"customer_id": "C6", "basket": [{"product_id": "P61", "price": 385}, {"product_id": "P64", "price": 1436}, {"product_id": "P62", "price": 1781}], "date_of_purchase": "2019-02-27 07:04:00"}
{"customer_id": "C8", "basket": [{"product_id": "P06", "price": 524}, {"product_id": "P07", "price": 1832}], "date_of_purchase": "2019-02-27 16:29:00"}
{"customer_id": "C10", "basket": [{"product_id": "P37", "price": 1312}], "date_of_purchase": "2019-02-27 08:06:00"}
{"customer_id": "C13", "basket": [{"product_id": "P30", "price": 1656}, {"product_id": "P25", "price": 871}], "date_of_purchase": "2019-02-27 14:25:00"}
{"customer_id": "C16", "basket": [{"product_id": "P36", "price": 631}, {"product_id": "P36", "price": 1798}, {"product_id": "P35", "price": 1885}], "date_of_purchase": "2019-02-27 11:15:00"}
{"customer_id": "C20", "basket": [{"product_id": "P56", "price": 1618}, {"product_id": "P42", "price": 980}], "date_of_purchase": "2019-02-27 18:50:00"}
{"customer_id": "C41", "basket": [{"product_id": "P27", "price": 1084}], "date_of_purchase": "2019-02-27 04:37:00"}
{"customer_id": "C52", "basket": [{"product_id": "P30", "price": 264}], "date_of_purchase": "2019-02-27 18:11:00"}
{"customer_id": "C54", "basket": [{"product_id": "P64", "price": 910}], "date_of_purchase": "2019-02-27 02:49:00"}
{"customer_id": "C56", "basket": [{"product_id": "P36", "price": 1043}], "date_of_purchase": "2019-02-27 04:47:00"}
{"customer_id": "C69", "basket": [{"product_id": "P44", "price": 1784}, {"product_id": "P53", "price": 1506}], "date_of_purchase": "2019-02-27 13:01:00"}
{"customer_id": "C71", "basket": [{"product_id": "P43", "price": 107}], "date_of_purchase": "2019-02-27 12:52:00"}
{"customer_id": "C81", "basket": [{"product_id": "P23", "price": 1656}], "date_of_purchase": "2019-02-27 23:38:00"}
{"customer_id": "C84", "basket": [{"product_id": "P03", "price": 1875}, {"product_id": "P08", "price": 1258}], "date_of_purchase": "2019-02-27 19:12:00"}
{"customer_id": "C88", "basket": [{"product_id": "P41", "price": 596}, {"product_id": "P44", "price": 1421}], "date_of_purchase": "2019-02-27 17:03:00"}
{"customer_id": "C93", "basket": [{"product_id": "P42", "price": 926}, {"product_id": "P45", "price": 267}, {"product_id": "P51", "price": 1943}], "date_of_purchase": "2019-02-27 16:03:00"}
{"customer_id": "C102", "basket": [{"product_id": "P41", "price": 1204}], "date_of_purchase": "2019-02-27 11:33:00"}
{"customer_id": "C105", "basket": [{"product_id": "P40", "price": 324}], "date_of_purchase": "2019-02-27 02:55:00"}
{"customer_id": "C109", "basket": [{"product_id": "P37", "price": 1378}, {"product_id": "P38", "price": 826}], "date_of_purchase": "2019-02-27 23:13:00"}
{"customer_id": "C112", "basket": [{"product_id": "P36", "price": 453}, {"product_id": "P36", "price": 544}, {"product_id": "P38", "price": 1272}], "date_of_purchase": "2019-02-27 08:38:00"}
{"customer_id": "C121", "basket": [{"product_id": "P22", "price": 1515}, {"product_id": "P34", "price": 873}, {"product_id": "P26", "price": 386}], "date_of_purchase": "2019-02-27 06:17:00"}
{"customer_id": "C131", "basket": [{"product_id": "P64", "price": 1077}, {"product_id": "P64", "price": 585}], "date_of_purchase": "2019-02-27 17:52:00"}
{"customer_id": "C132", "basket": [{"product_id": "P40", "price": 1825}, {"product_id": "P39", "price": 31}, {"product_id": "P38", "price": 1455}], "date_of_purchase": "2019-02-27 10:23:00"}
