{"customer_id": "C6", "basket": [{"product_id": "P46", "price": 1046}], "date_of_purchase": "2018-12-13 10:10:00"}
{"customer_id": "C20", "basket": [{"product_id": "P59", "price": 1444}, {"product_id": "P57", "price": 158}], "date_of_purchase": "2018-12-13 13:53:00"}
{"customer_id": "C22", "basket": [{"product_id": "P33", "price": 1613}], "date_of_purchase": "2018-12-13 13:34:00"}
{"customer_id": "C31", "basket": [{"product_id": "P26", "price": 255}, {"product_id": "P27", "price": 1364}, {"product_id": "P27", "price": 1719}], "date_of_purchase": "2018-12-13 18:11:00"}
{"customer_id": "C36", "basket": [{"product_id": "P08", "price": 1229}, {"product_id": "P01", "price": 1887}, {"product_id": "P04", "price": 1354}], "date_of_purchase": "2018-12-13 20:27:00"}
{"customer_id": "C37", "basket": [{"product_id": "P38", "price": 342}], "date_of_purchase": "2018-12-13 16:51:00"}
{"customer_id": "C38", "basket": [{"product_id": "P35", "price": 1350}, {"product_id": "P39", "price": 1370}], "date_of_purchase": "2018-12-13 19:07:00"}
{"customer_id": "C45", "basket": [{"product_id": "P50", "price": 247}], "date_of_purchase": "2018-12-13 20:50:00"}
{"customer_id": "C52", "basket": [{"product_id": "P30", "price": 1633}], "date_of_purchase": "2018-12-13 18:14:00"}
{"customer_id": "C59", "basket": [{"product_id": "P36", "price": 59}, {"product_id": "P36", "price": 1387}, {"product_id": "P39", "price": 1632}], "date_of_purchase": "2018-12-13 07:31:00"}
{"customer_id": "C70", "basket": [{"product_id": "P05", "price": 6}, {"product_id": "P05", "price": 773}], "date_of_purchase": "2018-12-13 10:41:00"}
{"customer_id": "C73", "basket": [{"product_id": "P35", "price": 854}], "date_of_purchase": "2018-12-13 17:45:00"}
{"customer_id": "C83", "basket": [{"product_id": "P40", "price": 990}, {"product_id": "P36", "price": 617}, {"product_id": "P39", "price": 1189}], "date_of_purchase": "2018-12-13 14:05:00"}
{"customer_id": "C90", "basket": [{"product_id": "P32", "price": 180}, {"product_id": "P30", "price": 261}], "date_of_purchase": "2018-12-13 03:13:00"}
{"customer_id": "C91", "basket": [{"product_id": "P61", "price": 1983}, {"product_id": "P61", "price": 1989}], "date_of_purchase": "2018-12-13 23:12:00"}
{"customer_id": "C93", "basket": [{"product_id": "P43", "price": 946}], "date_of_purchase": "2018-12-13 11:03:00"}
{"customer_id": "C98", "basket": [{"product_id": "P64", "price": 531}], "date_of_purchase": "2018-12-13 06:52:00"}
{"customer_id": "C123", "basket": [{"product_id": "P30", "price": 4}, {"product_id": "P24", "price": 1150}, {"product_id": "P28", "price": 320}], "date_of_purchase": "2018-12-13 09:13:00"}
