{"customer_id": "C11", "basket": [{"product_id": "P29", "price": 240}], "date_of_purchase": "2018-12-18 04:25:00"}
{"customer_id": "C12", "basket": [{"product_id": "P23", "price": 328}, {"product_id": "P30", "price": 1649}], "date_of_purchase": "2018-12-18 13:29:00"}
{"customer_id": "C25", "basket": [{"product_id": "P62", "price": 998}, {"product_id": "P62", "price": 1168}], "date_of_purchase": "2018-12-18 06:51:00"}
{"customer_id": "C28", "basket": [{"product_id": "P26", "price": 643}], "date_of_purchase": "2018-12-18 17:59:00"}
{"customer_id": "C30", "basket": [{"product_id": "P42", "price": 463}], "date_of_purchase": "2018-12-18 20:10:00"}
{"customer_id": "C36", "basket": [{"product_id": "P58", "price": 1861}], "date_of_purchase": "2018-12-18 05:43:00"}
{"customer_id": "C46", "basket": [{"product_id": "P28", "price": 1425}], "date_of_purchase": "2018-12-18 13:36:00"}
{"customer_id": "C49", "basket": [{"product_id": "P05", "price": 617}], "date_of_purchase": "2018-12-18 04:23:00"}
{"customer_id": "C51", "basket": [{"product_id": "P59", "price": 839}, {"product_id": "P42", "price": 919}], "date_of_purchase": "2018-12-18 04:00:00"}
{"customer_id": "C56", "basket": [{"product_id": "P30", "price": 740}, {"product_id": "P29", "price": 796}], "date_of_purchase": "2018-12-18 12:29:00"}
{"customer_id": "C59", "basket": [{"product_id": "P46", "price": 1298}], "date_of_purchase": "2018-12-18 18:09:00"}
{"customer_id": "C61", "basket": [{"product_id": "P61", "price": 1803}], "date_of_purchase": "2018-12-18 06:13:00"}
{"customer_id": "C67", "basket": [{"product_id": "P56", "price": 769}], "date_of_purchase": "2018-12-18 15:57:00"}
{"customer_id": "C75", "basket": [{"product_id": "P55", "price": 534}, {"product_id": "P46", "price": 1369}], "date_of_purchase": "2018-12-18 22:41:00"}
{"customer_id": "C80", "basket": [{"product_id": "P37", "price": 1838}, {"product_id": "P35", "price": 1851}, {"product_id": "P39", "price": 1610}], "date_of_purchase": "2018-12-18 14:11:00"}
{"customer_id": "C82", "basket": [{"product_id": "P39", "price": 771}], "date_of_purchase": "2018-12-18 06:14:00"}
{"customer_id": "C84", "basket": [{"product_id": "P40", "price": 1467}], "date_of_purchase": "2018-12-18 04:17:00"}
{"customer_id": "C92", "basket": [{"product_id": "P28", "price": 962}, {"product_id": "P34", "price": 1835}], "date_of_purchase": "2018-12-18 23:19:00"}
{"customer_id": "C99", "basket": [{"product_id": "P53", "price": 1729}], "date_of_purchase": "2018-12-18 18:33:00"}
{"customer_id": "C107", "basket": [{"product_id": "P04", "price": 327}], "date_of_purchase": "2018-12-18 15:18:00"}
{"customer_id": "C109", "basket": [{"product_id": "P04", "price": 234}, {"product_id": "P12", "price": 882}, {"product_id": "P11", "price": 1543}], "date_of_purchase": "2018-12-18 09:45:00"}
{"customer_id": "C114", "basket": [{"product_id": "P33", "price": 1651}], "date_of_purchase": "2018-12-18 16:31:00"}
{"customer_id": "C115", "basket": [{"product_id": "P29", "price": 1667}, {"product_id": "P24", "price": 1169}], "date_of_purchase": "2018-12-18 14:27:00"}
{"customer_id": "C116", "basket": [{"product_id": "P35", "price": 1348}, {"product_id": "P38", "price": 647}, {"product_id": "P36", "price": 1639}], "date_of_purchase": "2018-12-18 03:26:00"}
{"customer_id": "C117", "basket": [{"product_id": "P09", "price": 291}, {"product_id": "P07", "price": 12}, {"product_id": "P10", "price": 154}], "date_of_purchase": "2018-12-18 06:52:00"}
{"customer_id": "C118", "basket": [{"product_id": "P39", "price": 1331}, {"product_id": "P35", "price": 1309}], "date_of_purchase": "2018-12-18 07:08:00"}
{"customer_id": "C119", "basket": [{"product_id": "P63", "price": 1327}, {"product_id": "P63", "price": 1936}], "date_of_purchase": "2018-12-18 09:02:00"}
{"customer_id": "C137", "basket": [{"product_id": "P63", "price": 201}], "date_of_purchase": "2018-12-18 14:48:00"}
