{"customer_id": "C2", "basket": [{"product_id": "P35", "price": 1338}], "date_of_purchase": "2019-02-19 07:15:00"}
{"customer_id": "C4", "basket": [{"product_id": "P58", "price": 683}], "date_of_purchase": "2019-02-19 20:49:00"}
{"customer_id": "C7", "basket": [{"product_id": "P47", "price": 578}], "date_of_purchase": "2019-02-19 15:30:00"}
{"customer_id": "C11", "basket": [{"product_id": "P35", "price": 449}, {"product_id": "P35", "price": 1731}, {"product_id": "P38", "price": 1370}], "date_of_purchase": "2019-02-19 16:42:00"}
{"customer_id": "C12", "basket": [{"product_id": "P24", "price": 280}, {"product_id": "P24", "price": 503}], "date_of_purchase": "2019-02-19 16:46:00"}
{"customer_id": "C16", "basket": [{"product_id": "P36", "price": 1982}, {"product_id": "P35", "price": 1314}, {"product_id": "P38", "price": 434}], "date_of_purchase": "2019-02-19 06:27:00"}
{"customer_id": "C25", "basket": [{"product_id": "P62", "price": 1882}, {"product_id": "P63", "price": 695}, {"product_id": "P61", "price": 562}], "date_of_purchase": "2019-02-19 10:23:00"}
{"customer_id": "C41", "basket": [{"product_id": "P30", "price": 811}, {"product_id": "P33", "price": 766}, {"product_id": "P27", "price": 958}], "date_of_purchase": "2019-02-19 11:29:00"}
{"customer_id": "C46", "basket": [{"product_id": "P25", "price": 1413}, {"product_id": "P25", "price": 175}], "date_of_purchase": "2019-02-19 07:56:00"}
{"customer_id": "C48", "basket": [{"product_id": "P36", "price": 1933}, {"product_id": "P39", "price": 1617}, {"product_id": "P35", "price": 406}], "date_of_purchase": "2019-02-19 22:10:00"}
{"customer_id": "C50", "basket": [{"product_id": "P24", "price": 1486}], "date_of_purchase": "2019-02-19 19:52:00"}
{"customer_id": "C52", "basket": [{"product_id": "P28", "price": 792}, {"product_id": "P34", "price": 884}], "date_of_purchase": "2019-02-19 14:47:00"}
{"customer_id": "C57", "basket": [{"product_id": "P37", "price": 367}, {"product_id": "P40", "price": 1862}], "date_of_purchase": "2019-02-19 09:05:00"}
{"customer_id": "C60", "basket": [{"product_id": "P59", "price": 1545}, {"product_id": "P49", "price": 461}, {"product_id": "P47", "price": 163}], "date_of_purchase": "2019-02-19 06:16:00"}
{"customer_id": "C63", "basket": [{"product_id": "P43", "price": 1040}], "date_of_purchase": "2019-02-19 22:38:00"}
{"customer_id": "C71", "basket": [{"product_id": "P43", "price": 643}, {"product_id": "P57", "price": 1584}], "date_of_purchase": "2019-02-19 08:00:00"}
{"customer_id": "C73", "basket": [{"product_id": "P40", "price": 666}, {"product_id": "P39", "price": 1954}, {"product_id": "P38", "price": 60}], "date_of_purchase": "2019-02-19 04:02:00"}
{"customer_id": "C85", "basket": [{"product_id": "P30", "price": 1235}, {"product_id": "P24", "price": 1103}], "date_of_purchase": "2019-02-19 21:45:00"}
{"customer_id": "C90", "basket": [{"product_id": "P36", "price": 1515}, {"product_id": "P35", "price": 1959}, {"product_id": "P36", "price": 1895}], "date_of_purchase": "2019-02-19 06:58:00"}
{"customer_id": "C91", "basket": [{"product_id": "P61", "price": 1460}], "date_of_purchase": "2019-02-19 21:59:00"}
{"customer_id": "C105", "basket": [{"product_id": "P45", "price": 979}, {"product_id": "P47", "price": 1028}, {"product_id": "P60", "price": 191}], "date_of_purchase": "2019-02-19 18:49:00"}
{"customer_id": "C115", "basket": [{"product_id": "P43", "price": 99}, {"product_id": "P44", "price": 296}, {"product_id": "P49", "price": 884}], "date_of_purchase": "2019-02-19 06:13:00"}
{"customer_id": "C118", "basket": [{"product_id": "P03", "price": 1919}], "date_of_purchase": "2019-02-19 13:26:00"}
{"customer_id": "C121", "basket": [{"product_id": "P36", "price": 414}, {"product_id": "P40", "price": 1749}, {"product_id": "P35", "price": 1881}], "date_of_purchase": "2019-02-19 09:25:00"}
{"customer_id": "C136", "basket": [{"product_id": "P42", "price": 1066}, {"product_id": "P48", "price": 856}, {"product_id": "P48", "price": 1180}], "date_of_purchase": "2019-02-19 20:25:00"}
{"customer_id": "C137", "basket": [{"product_id": "P63", "price": 618}], "date_of_purchase": "2019-02-19 21:10:00"}
