{"customer_id":"C6","loyalty_score":"10","product_id":"P46","product_category":"food","purchase_count":1}
{"customer_id":"C2","loyalty_score":"4","product_id":"P35","product_category":"sweets","purchase_count":2}
{"customer_id":"C11","loyalty_score":"4","product_id":"P29","product_category":"fruit_veg","purchase_count":1}
{"customer_id":"C2","loyalty_score":"4","product_id":"P36","product_category":"sweets","purchase_count":1}
{"customer_id":"C12","loyalty_score":"8","product_id":"P21","product_category":"clothes","purchase_count":1}
{"customer_id":"C20","loyalty_score":"2","product_id":"P33","product_category":"fruit_veg","purchase_count":1}
{"customer_id":"C12","loyalty_score":"8","product_id":"P18","product_category":"clothes","purchase_count":1}
{"customer_id":"C12","loyalty_score":"8","product_id":"P17","product_category":"clothes","purchase_count":1}
{"customer_id":"C27","loyalty_score":"10","product_id":"P38","product_category":"sweets","purchase_count":1}
