{"customer_id": "C20", "basket": [{"product_id": "P33", "price": 1518}], "date_of_purchase": "2018-12-19 06:08:00"}
{"customer_id": "C28", "basket": [{"product_id": "P41", "price": 1349}, {"product_id": "P54", "price": 1949}, {"product_id": "P58", "price": 561}], "date_of_purchase": "2018-12-19 19:59:00"}
{"customer_id": "C41", "basket": [{"product_id": "P54", "price": 1613}, {"product_id": "P49", "price": 302}, {"product_id": "P48", "price": 1451}], "date_of_purchase": "2018-12-19 21:47:00"}
{"customer_id": "C43", "basket": [{"product_id": "P31", "price": 1217}, {"product_id": "P31", "price": 1115}], "date_of_purchase": "2018-12-19 05:21:00"}
{"customer_id": "C50", "basket": [{"product_id": "P04", "price": 294}], "date_of_purchase": "2018-12-19 05:28:00"}
{"customer_id": "C56", "basket": [{"product_id": "P26", "price": 476}, {"product_id": "P31", "price": 359}, {"product_id": "P26", "price": 1149}], "date_of_purchase": "2018-12-19 12:40:00"}
{"customer_id": "C61", "basket": [{"product_id": "P05", "price": 766}], "date_of_purchase": "2018-12-19 22:52:00"}
{"customer_id": "C64", "basket": [{"product_id": "P14", "price": 110}], "date_of_purchase": "2018-12-19 16:36:00"}
{"customer_id": "C66", "basket": [{"product_id": "P36", "price": 1416}], "date_of_purchase": "2018-12-19 05:48:00"}
{"customer_id": "C71", "basket": [{"product_id": "P55", "price": 133}, {"product_id": "P46", "price": 1646}], "date_of_purchase": "2018-12-19 04:16:00"}
{"customer_id": "C74", "basket": [{"product_id": "P40", "price": 872}, {"product_id": "P35", "price": 1300}], "date_of_purchase": "2018-12-19 04:55:00"}
{"customer_id": "C82", "basket": [{"product_id": "P39", "price": 1902}], "date_of_purchase": "2018-12-19 07:04:00"}
{"customer_id": "C83", "basket": [{"product_id": "P37", "price": 129}, {"product_id": "P38", "price": 741}], "date_of_purchase": "2018-12-19 18:02:00"}
{"customer_id": "C93", "basket": [{"product_id": "P50", "price": 460}, {"product_id": "P55", "price": 409}], "date_of_purchase": "2018-12-19 12:10:00"}
{"customer_id": "C102", "basket": [{"product_id": "P59", "price": 1007}, {"product_id": "P41", "price": 1779}, {"product_id": "P53", "price": 766}], "date_of_purchase": "2018-12-19 12:02:00"}
{"customer_id": "C103", "basket": [{"product_id": "P62", "price": 338}, {"product_id": "P63", "price": 1214}, {"product_id": "P64", "price": 1613}], "date_of_purchase": "2018-12-19 21:37:00"}
{"customer_id": "C115", "basket": [{"product_id": "P33", "price": 1155}, {"product_id": "P26", "price": 1417}], "date_of_purchase": "2018-12-19 16:23:00"}
{"customer_id": "C116", "basket": [{"product_id": "P39", "price": 1976}, {"product_id": "P37", "price": 860}], "date_of_purchase": "2018-12-19 18:49:00"}
{"customer_id": "C126", "basket": [{"product_id": "P46", "price": 908}, {"product_id": "P57", "price": 1338}, {"product_id": "P56", "price": 411}], "date_of_purchase": "2018-12-19 20:17:00"}
{"customer_id": "C129", "basket": [{"product_id": "P23", "price": 1905}, {"product_id": "P26", "price": 1929}, {"product_id": "P31", "price": 1287}], "date_of_purchase": "2018-12-19 16:53:00"}
{"customer_id": "C137", "basket": [{"product_id": "P61", "price": 521}], "date_of_purchase": "2018-12-19 09:16:00"}
