{"customer_id": "C5", "basket": [{"product_id": "P28", "price": 505}, {"product_id": "P23", "price": 915}, {"product_id": "P31", "price": 700}], "date_of_purchase": "2018-12-10 05:49:00"}
{"customer_id": "C6", "basket": [{"product_id": "P40", "price": 1210}], "date_of_purchase": "2018-12-10 23:36:00"}
{"customer_id": "C10", "basket": [{"product_id": "P36", "price": 431}], "date_of_purchase": "2018-12-10 22:41:00"}
{"customer_id": "C12", "basket": [{"product_id": "P15", "price": 277}], "date_of_purchase": "2018-12-10 08:40:00"}
{"customer_id": "C20", "basket": [{"product_id": "P45", "price": 336}, {"product_id": "P51", "price": 1100}, {"product_id": "P50", "price": 590}], "date_of_purchase": "2018-12-10 16:17:00"}
{"customer_id": "C22", "basket": [{"product_id": "P23", "price": 802}, {"product_id": "P30", "price": 1417}], "date_of_purchase": "2018-12-10 18:14:00"}
{"customer_id": "C23", "basket": [{"product_id": "P11", "price": 1303}, {"product_id": "P12", "price": 730}], "date_of_purchase": "2018-12-10 20:48:00"}
{"customer_id": "C24", "basket": [{"product_id": "P63", "price": 1054}], "date_of_purchase": "2018-12-10 07:36:00"}
{"customer_id": "C32", "basket": [{"product_id": "P61", "price": 1277}, {"product_id": "P64", "price": 715}, {"product_id": "P61", "price": 608}], "date_of_purchase": "2018-12-10 20:31:00"}
{"customer_id": "C54", "basket": [{"product_id": "P40", "price": 191}], "date_of_purchase": "2018-12-10 19:39:00"}
{"customer_id": "C57", "basket": [{"product_id": "P26", "price": 1667}, {"product_id": "P25", "price": 801}], "date_of_purchase": "2018-12-10 09:53:00"}
{"customer_id": "C74", "basket": [{"product_id": "P36", "price": 1791}], "date_of_purchase": "2018-12-10 06:36:00"}
{"customer_id": "C79", "basket": [{"product_id": "P40", "price": 1531}], "date_of_purchase": "2018-12-10 06:15:00"}
{"customer_id": "C84", "basket": [{"product_id": "P07", "price": 1664}], "date_of_purchase": "2018-12-10 03:28:00"}
{"customer_id": "C88", "basket": [{"product_id": "P05", "price": 316}], "date_of_purchase": "2018-12-10 15:17:00"}
{"customer_id": "C99", "basket": [{"product_id": "P41", "price": 873}, {"product_id": "P57", "price": 1063}, {"product_id": "P57", "price": 1909}], "date_of_purchase": "2018-12-10 22:37:00"}
{"customer_id": "C104", "basket": [{"product_id": "P37", "price": 98}], "date_of_purchase": "2018-12-10 10:47:00"}
{"customer_id": "C108", "basket": [{"product_id": "P12", "price": 1183}, {"product_id": "P08", "price": 323}], "date_of_purchase": "2018-12-10 05:13:00"}
{"customer_id": "C114", "basket": [{"product_id": "P29", "price": 507}, {"product_id": "P29", "price": 1661}, {"product_id": "P34", "price": 1856}], "date_of_purchase": "2018-12-10 03:45:00"}
{"customer_id": "C115", "basket": [{"product_id": "P01", "price": 463}], "date_of_purchase": "2018-12-10 04:23:00"}
{"customer_id": "C122", "basket": [{"product_id": "P23", "price": 1308}, {"product_id": "P34", "price": 6}], "date_of_purchase": "2018-12-10 20:17:00"}
{"customer_id": "C125", "basket": [{"product_id": "P24", "price": 636}], "date_of_purchase": "2018-12-10 22:04:00"}
{"customer_id": "C137", "basket": [{"product_id": "P63", "price": 1014}, {"product_id": "P63", "price": 1594}], "date_of_purchase": "2018-12-10 11:25:00"}
