{"customer_id": "C2", "basket": [{"product_id": "P35", "price": 512}, {"product_id": "P36", "price": 1304}], "date_of_purchase": "2018-12-22 06:22:00"}
{"customer_id": "C12", "basket": [{"product_id": "P31", "price": 998}, {"product_id": "P34", "price": 1563}, {"product_id": "P28", "price": 18}], "date_of_purchase": "2018-12-22 15:03:00"}
{"customer_id": "C13", "basket": [{"product_id": "P27", "price": 916}], "date_of_purchase": "2018-12-22 20:45:00"}
{"customer_id": "C16", "basket": [{"product_id": "P60", "price": 1463}], "date_of_purchase": "2018-12-22 11:34:00"}
{"customer_id": "C18", "basket": [{"product_id": "P01", "price": 1789}], "date_of_purchase": "2018-12-22 13:51:00"}
{"customer_id": "C26", "basket": [{"product_id": "P58", "price": 795}, {"product_id": "P48", "price": 1676}], "date_of_purchase": "2018-12-22 05:50:00"}
{"customer_id": "C36", "basket": [{"product_id": "P60", "price": 604}, {"product_id": "P42", "price": 514}, {"product_id": "P44", "price": 149}], "date_of_purchase": "2018-12-22 07:47:00"}
{"customer_id": "C57", "basket": [{"product_id": "P35", "price": 429}, {"product_id": "P39", "price": 745}], "date_of_purchase": "2018-12-22 20:22:00"}
{"customer_id": "C61", "basket": [{"product_id": "P64", "price": 919}, {"product_id": "P64", "price": 507}, {"product_id": "P61", "price": 835}], "date_of_purchase": "2018-12-22 04:45:00"}
{"customer_id": "C62", "basket": [{"product_id": "P36", "price": 1363}], "date_of_purchase": "2018-12-22 10:40:00"}
{"customer_id": "C64", "basket": [{"product_id": "P11", "price": 202}], "date_of_purchase": "2018-12-22 05:06:00"}
{"customer_id": "C65", "basket": [{"product_id": "P31", "price": 477}], "date_of_purchase": "2018-12-22 22:23:00"}
{"customer_id": "C67", "basket": [{"product_id": "P39", "price": 1542}], "date_of_purchase": "2018-12-22 14:49:00"}
{"customer_id": "C69", "basket": [{"product_id": "P30", "price": 104}], "date_of_purchase": "2018-12-22 18:35:00"}
{"customer_id": "C71", "basket": [{"product_id": "P36", "price": 1202}, {"product_id": "P40", "price": 562}, {"product_id": "P40", "price": 758}], "date_of_purchase": "2018-12-22 17:09:00"}
{"customer_id": "C73", "basket": [{"product_id": "P11", "price": 1662}], "date_of_purchase": "2018-12-22 07:39:00"}
{"customer_id": "C76", "basket": [{"product_id": "P64", "price": 988}, {"product_id": "P61", "price": 1923}, {"product_id": "P64", "price": 1598}], "date_of_purchase": "2018-12-22 14:31:00"}
{"customer_id": "C81", "basket": [{"product_id": "P25", "price": 573}, {"product_id": "P25", "price": 26}, {"product_id": "P31", "price": 1105}], "date_of_purchase": "2018-12-22 14:17:00"}
{"customer_id": "C84", "basket": [{"product_id": "P12", "price": 1206}, {"product_id": "P10", "price": 205}], "date_of_purchase": "2018-12-22 22:25:00"}
{"customer_id": "C87", "basket": [{"product_id": "P29", "price": 330}, {"product_id": "P23", "price": 1367}, {"product_id": "P24", "price": 2}], "date_of_purchase": "2018-12-22 04:30:00"}
{"customer_id": "C104", "basket": [{"product_id": "P40", "price": 547}], "date_of_purchase": "2018-12-22 06:47:00"}
{"customer_id": "C107", "basket": [{"product_id": "P01", "price": 1869}, {"product_id": "P03", "price": 1567}, {"product_id": "P09", "price": 1788}], "date_of_purchase": "2018-12-22 22:40:00"}
{"customer_id": "C114", "basket": [{"product_id": "P31", "price": 1763}, {"product_id": "P34", "price": 314}, {"product_id": "P29", "price": 661}], "date_of_purchase": "2018-12-22 16:21:00"}
{"customer_id": "C120", "basket": [{"product_id": "P36", "price": 1927}, {"product_id": "P38", "price": 1161}, {"product_id": "P37", "price": 952}], "date_of_purchase": "2018-12-22 19:28:00"}
{"customer_id": "C122", "basket": [{"product_id": "P51", "price": 1870}], "date_of_purchase": "2018-12-22 13:36:00"}
{"customer_id": "C125", "basket": [{"product_id": "P28", "price": 1710}], "date_of_purchase": "2018-12-22 13:25:00"}
{"customer_id": "C126", "basket": [{"product_id": "P49", "price": 33}, {"product_id": "P46", "price": 1525}], "date_of_purchase": "2018-12-22 12:03:00"}
{"customer_id": "C127", "basket": [{"product_id": "P03", "price": 1811}], "date_of_purchase": "2018-12-22 08:26:00"}
{"customer_id": "C131", "basket": [{"product_id": "P37", "price": 502}, {"product_id": "P40", "price": 1001}, {"product_id": "P40", "price": 665}], "date_of_purchase": "2018-12-22 18:22:00"}
