{"customer_id": "C2", "basket": [{"product_id": "P11", "price": 102}, {"product_id": "P12", "price": 565}], "date_of_purchase": "2019-01-17 18:25:00"}
{"customer_id": "C6", "basket": [{"product_id": "P48", "price": 1488}, {"product_id": "P58", "price": 443}], "date_of_purchase": "2019-01-17 19:29:00"}
{"customer_id": "C8", "basket": [{"product_id": "P08", "price": 1555}, {"product_id": "P10", "price": 631}], "date_of_purchase": "2019-01-17 18:38:00"}
{"customer_id": "C10", "basket": [{"product_id": "P36", "price": 609}, {"product_id": "P36", "price": 1250}, {"product_id": "P38", "price": 622}], "date_of_purchase": "2019-01-17 23:30:00"}
{"customer_id": "C13", "basket": [{"product_id": "P62", "price": 1307}, {"product_id": "P63", "price": 204}], "date_of_purchase": "2019-01-17 11:04:00"}
{"customer_id": "C18", "basket": [{"product_id": "P39", "price": 1734}, {"product_id": "P36", "price": 1677}], "date_of_purchase": "2019-01-17 03:50:00"}
{"customer_id": "C22", "basket": [{"product_id": "P56", "price": 449}, {"product_id": "P49", "price": 1725}], "date_of_purchase": "2019-01-17 15:14:00"}
{"customer_id": "C31", "basket": [{"product_id": "P29", "price": 1113}, {"product_id": "P22", "price": 510}, {"product_id": "P23", "price": 937}], "date_of_purchase": "2019-01-17 15:59:00"}
{"customer_id": "C34", "basket": [{"product_id": "P54", "price": 268}, {"product_id": "P52", "price": 1173}], "date_of_purchase": "2019-01-17 09:34:00"}
{"customer_id": "C42", "basket": [{"product_id": "P37", "price": 984}], "date_of_purchase": "2019-01-17 06:43:00"}
{"customer_id": "C44", "basket": [{"product_id": "P19", "price": 1822}], "date_of_purchase": "2019-01-17 19:02:00"}
{"customer_id": "C49", "basket": [{"product_id": "P03", "price": 1266}, {"product_id": "P04", "price": 1513}], "date_of_purchase": "2019-01-17 08:34:00"}
{"customer_id": "C56", "basket": [{"product_id": "P23", "price": 757}, {"product_id": "P27", "price": 1668}, {"product_id": "P26", "price": 666}], "date_of_purchase": "2019-01-17 02:54:00"}
{"customer_id": "C58", "basket": [{"product_id": "P62", "price": 1029}, {"product_id": "P63", "price": 638}, {"product_id": "P63", "price": 332}], "date_of_purchase": "2019-01-17 05:33:00"}
{"customer_id": "C60", "basket": [{"product_id": "P41", "price": 1527}, {"product_id": "P50", "price": 910}, {"product_id": "P53", "price": 1248}], "date_of_purchase": "2019-01-17 13:18:00"}
{"customer_id": "C61", "basket": [{"product_id": "P40", "price": 1823}], "date_of_purchase": "2019-01-17 20:17:00"}
{"customer_id": "C66", "basket": [{"product_id": "P36", "price": 504}, {"product_id": "P36", "price": 806}], "date_of_purchase": "2019-01-17 10:30:00"}
{"customer_id": "C79", "basket": [{"product_id": "P39", "price": 740}, {"product_id": "P40", "price": 466}], "date_of_purchase": "2019-01-17 17:02:00"}
{"customer_id": "C95", "basket": [{"product_id": "P14", "price": 990}, {"product_id": "P14", "price": 742}], "date_of_purchase": "2019-01-17 08:56:00"}
{"customer_id": "C96", "basket": [{"product_id": "P28", "price": 1514}], "date_of_purchase": "2019-01-17 17:45:00"}
{"customer_id": "C101", "basket": [{"product_id": "P35", "price": 1115}, {"product_id": "P36", "price": 1783}, {"product_id": "P39", "price": 1924}], "date_of_purchase": "2019-01-17 20:07:00"}
{"customer_id": "C102", "basket": [{"product_id": "P56", "price": 948}, {"product_id": "P55", "price": 823}, {"product_id": "P50", "price": 1694}], "date_of_purchase": "2019-01-17 08:22:00"}
{"customer_id": "C103", "basket": [{"product_id": "P62", "price": 1499}, {"product_id": "P62", "price": 1605}, {"product_id": "P63", "price": 449}], "date_of_purchase": "2019-01-17 12:30:00"}
{"customer_id": "C110", "basket": [{"product_id": "P64", "price": 1693}, {"product_id": "P63", "price": 1900}], "date_of_purchase": "2019-01-17 04:06:00"}
{"customer_id": "C113", "basket": [{"product_id": "P26", "price": 707}], "date_of_purchase": "2019-01-17 06:16:00"}
{"customer_id": "C115", "basket": [{"product_id": "P08", "price": 30}, {"product_id": "P04", "price": 1742}, {"product_id": "P06", "price": 1716}], "date_of_purchase": "2019-01-17 22:20:00"}
{"customer_id": "C117", "basket": [{"product_id": "P10", "price": 755}], "date_of_purchase": "2019-01-17 08:34:00"}
{"customer_id": "C120", "basket": [{"product_id": "P35", "price": 691}, {"product_id": "P37", "price": 475}, {"product_id": "P36", "price": 433}], "date_of_purchase": "2019-01-17 03:59:00"}
{"customer_id": "C126", "basket": [{"product_id": "P55", "price": 1272}, {"product_id": "P54", "price": 562}], "date_of_purchase": "2019-01-17 04:47:00"}
{"customer_id": "C134", "basket": [{"product_id": "P40", "price": 1563}], "date_of_purchase": "2019-01-17 10:32:00"}
