{"customer_id": "C7", "basket": [{"product_id": "P50", "price": 650}, {"product_id": "P46", "price": 438}, {"product_id": "P44", "price": 1356}], "date_of_purchase": "2018-12-15 06:28:00"}
{"customer_id": "C16", "basket": [{"product_id": "P41", "price": 1519}, {"product_id": "P57", "price": 17}], "date_of_purchase": "2018-12-15 17:53:00"}
{"customer_id": "C37", "basket": [{"product_id": "P38", "price": 578}, {"product_id": "P40", "price": 1785}, {"product_id": "P40", "price": 101}], "date_of_purchase": "2018-12-15 19:40:00"}
{"customer_id": "C40", "basket": [{"product_id": "P56", "price": 995}], "date_of_purchase": "2018-12-15 22:57:00"}
{"customer_id": "C52", "basket": [{"product_id": "P24", "price": 220}, {"product_id": "P34", "price": 1402}], "date_of_purchase": "2018-12-15 07:39:00"}
{"customer_id": "C58", "basket": [{"product_id": "P38", "price": 767}, {"product_id": "P37", "price": 666}], "date_of_purchase": "2018-12-15 14:41:00"}
{"customer_id": "C59", "basket": [{"product_id": "P42", "price": 932}, {"product_id": "P53", "price": 256}, {"product_id": "P53", "price": 1226}], "date_of_purchase": "2018-12-15 02:59:00"}
{"customer_id": "C73", "basket": [{"product_id": "P35", "price": 1669}, {"product_id": "P37", "price": 92}], "date_of_purchase": "2018-12-15 19:31:00"}
{"customer_id": "C84", "basket": [{"product_id": "P36", "price": 130}], "date_of_purchase": "2018-12-15 09:50:00"}
{"customer_id": "C85", "basket": [{"product_id": "P25", "price": 562}, {"product_id": "P32", "price": 86}], "date_of_purchase": "2018-12-15 20:06:00"}
{"customer_id": "C95", "basket": [{"product_id": "P18", "price": 337}, {"product_id": "P13", "price": 646}], "date_of_purchase": "2018-12-15 17:12:00"}
{"customer_id": "C117", "basket": [{"product_id": "P12", "price": 1110}], "date_of_purchase": "2018-12-15 17:27:00"}
{"customer_id": "C118", "basket": [{"product_id": "P38", "price": 999}], "date_of_purchase": "2018-12-15 07:10:00"}
{"customer_id": "C123", "basket": [{"product_id": "P22", "price": 833}, {"product_id": "P23", "price": 1705}, {"product_id": "P24", "price": 1201}], "date_of_purchase": "2018-12-15 23:45:00"}
{"customer_id": "C130", "basket": [{"product_id": "P36", "price": 556}, {"product_id": "P37", "price": 55}], "date_of_purchase": "2018-12-15 11:02:00"}
