{"customer_id": "C16", "basket": [{"product_id": "P39", "price": 880}, {"product_id": "P37", "price": 1978}], "date_of_purchase": "2018-12-09 22:49:00"}
{"customer_id": "C20", "basket": [{"product_id": "P29", "price": 876}, {"product_id": "P33", "price": 1941}, {"product_id": "P25", "price": 1427}], "date_of_purchase": "2018-12-09 07:59:00"}
{"customer_id": "C22", "basket": [{"product_id": "P27", "price": 139}, {"product_id": "P22", "price": 537}, {"product_id": "P22", "price": 1988}], "date_of_purchase": "2018-12-09 10:28:00"}
{"customer_id": "C25", "basket": [{"product_id": "P61", "price": 1397}], "date_of_purchase": "2018-12-09 15:05:00"}
{"customer_id": "C40", "basket": [{"product_id": "P57", "price": 417}, {"product_id": "P51", "price": 941}, {"product_id": "P51", "price": 1628}], "date_of_purchase": "2018-12-09 23:04:00"}
{"customer_id": "C44", "basket": [{"product_id": "P16", "price": 606}, {"product_id": "P16", "price": 447}, {"product_id": "P21", "price": 1021}], "date_of_purchase": "2018-12-09 22:17:00"}
{"customer_id": "C57", "basket": [{"product_id": "P30", "price": 760}], "date_of_purchase": "2018-12-09 16:22:00"}
{"customer_id": "C59", "basket": [{"product_id": "P64", "price": 1572}, {"product_id": "P64", "price": 558}], "date_of_purchase": "2018-12-09 10:35:00"}
{"customer_id": "C71", "basket": [{"product_id": "P28", "price": 1225}, {"product_id": "P27", "price": 338}], "date_of_purchase": "2018-12-09 23:11:00"}
{"customer_id": "C74", "basket": [{"product_id": "P40", "price": 952}, {"product_id": "P36", "price": 917}], "date_of_purchase": "2018-12-09 06:36:00"}
{"customer_id": "C81", "basket": [{"product_id": "P32", "price": 342}, {"product_id": "P22", "price": 991}], "date_of_purchase": "2018-12-09 02:53:00"}
{"customer_id": "C82", "basket": [{"product_id": "P38", "price": 1135}, {"product_id": "P40", "price": 840}, {"product_id": "P35", "price": 1328}], "date_of_purchase": "2018-12-09 09:34:00"}
{"customer_id": "C94", "basket": [{"product_id": "P22", "price": 801}], "date_of_purchase": "2018-12-09 06:00:00"}
{"customer_id": "C97", "basket": [{"product_id": "P06", "price": 867}, {"product_id": "P03", "price": 260}, {"product_id": "P03", "price": 859}], "date_of_purchase": "2018-12-09 03:42:00"}
{"customer_id": "C109", "basket": [{"product_id": "P37", "price": 1243}], "date_of_purchase": "2018-12-09 05:02:00"}
{"customer_id": "C111", "basket": [{"product_id": "P26", "price": 389}], "date_of_purchase": "2018-12-09 08:27:00"}
{"customer_id": "C116", "basket": [{"product_id": "P40", "price": 1745}, {"product_id": "P35", "price": 1419}], "date_of_purchase": "2018-12-09 22:46:00"}
{"customer_id": "C119", "basket": [{"product_id": "P63", "price": 1953}, {"product_id": "P63", "price": 1753}], "date_of_purchase": "2018-12-09 23:26:00"}
{"customer_id": "C126", "basket": [{"product_id": "P50", "price": 545}], "date_of_purchase": "2018-12-09 14:40:00"}
{"customer_id": "C130", "basket": [{"product_id": "P37", "price": 332}], "date_of_purchase": "2018-12-09 07:57:00"}
