{"customer_id": "C6", "basket": [{"product_id": "P55", "price": 1587}, {"product_id": "P50", "price": 1831}, {"product_id": "P48", "price": 1332}], "date_of_purchase": "2019-01-14 10:48:00"}
{"customer_id": "C9", "basket": [{"product_id": "P39", "price": 719}, {"product_id": "P39", "price": 713}], "date_of_purchase": "2019-01-14 16:48:00"}
{"customer_id": "C10", "basket": [{"product_id": "P38", "price": 439}], "date_of_purchase": "2019-01-14 14:41:00"}
{"customer_id": "C12", "basket": [{"product_id": "P02", "price": 1294}], "date_of_purchase": "2019-01-14 20:36:00"}
{"customer_id": "C13", "basket": [{"product_id": "P62", "price": 492}, {"product_id": "P63", "price": 1660}, {"product_id": "P64", "price": 458}], "date_of_purchase": "2019-01-14 11:34:00"}
{"customer_id": "C17", "basket": [{"product_id": "P58", "price": 513}, {"product_id": "P50", "price": 1181}, {"product_id": "P50", "price": 145}], "date_of_purchase": "2019-01-14 07:10:00"}
{"customer_id": "C22", "basket": [{"product_id": "P28", "price": 1983}, {"product_id": "P26", "price": 91}], "date_of_purchase": "2019-01-14 05:12:00"}
{"customer_id": "C28", "basket": [{"product_id": "P56", "price": 758}, {"product_id": "P53", "price": 437}, {"product_id": "P41", "price": 1179}], "date_of_purchase": "2019-01-14 07:12:00"}
{"customer_id": "C34", "basket": [{"product_id": "P43", "price": 485}, {"product_id": "P51", "price": 18}], "date_of_purchase": "2019-01-14 17:07:00"}
{"customer_id": "C36", "basket": [{"product_id": "P51", "price": 1344}, {"product_id": "P50", "price": 272}, {"product_id": "P42", "price": 749}], "date_of_purchase": "2019-01-14 12:49:00"}
{"customer_id": "C48", "basket": [{"product_id": "P35", "price": 1433}, {"product_id": "P39", "price": 1392}, {"product_id": "P35", "price": 1673}], "date_of_purchase": "2019-01-14 18:08:00"}
{"customer_id": "C53", "basket": [{"product_id": "P23", "price": 1390}, {"product_id": "P32", "price": 1336}, {"product_id": "P33", "price": 1877}], "date_of_purchase": "2019-01-14 08:46:00"}
{"customer_id": "C67", "basket": [{"product_id": "P35", "price": 265}, {"product_id": "P35", "price": 1324}], "date_of_purchase": "2019-01-14 16:08:00"}
{"customer_id": "C74", "basket": [{"product_id": "P40", "price": 801}, {"product_id": "P39", "price": 1344}, {"product_id": "P36", "price": 816}], "date_of_purchase": "2019-01-14 11:51:00"}
{"customer_id": "C76", "basket": [{"product_id": "P32", "price": 20}, {"product_id": "P22", "price": 698}], "date_of_purchase": "2019-01-14 18:00:00"}
{"customer_id": "C81", "basket": [{"product_id": "P24", "price": 1659}, {"product_id": "P28", "price": 642}, {"product_id": "P22", "price": 1731}], "date_of_purchase": "2019-01-14 13:04:00"}
{"customer_id": "C85", "basket": [{"product_id": "P27", "price": 635}], "date_of_purchase": "2019-01-14 19:37:00"}
{"customer_id": "C95", "basket": [{"product_id": "P17", "price": 1270}, {"product_id": "P17", "price": 632}, {"product_id": "P20", "price": 1914}], "date_of_purchase": "2019-01-14 05:28:00"}
{"customer_id": "C96", "basket": [{"product_id": "P40", "price": 515}], "date_of_purchase": "2019-01-14 22:18:00"}
{"customer_id": "C102", "basket": [{"product_id": "P46", "price": 360}, {"product_id": "P60", "price": 1777}], "date_of_purchase": "2019-01-14 08:18:00"}
{"customer_id": "C103", "basket": [{"product_id": "P63", "price": 1130}, {"product_id": "P64", "price": 1489}, {"product_id": "P64", "price": 1191}], "date_of_purchase": "2019-01-14 11:42:00"}
{"customer_id": "C135", "basket": [{"product_id": "P52", "price": 588}], "date_of_purchase": "2019-01-14 06:27:00"}
{"customer_id": "C137", "basket": [{"product_id": "P64", "price": 1886}], "date_of_purchase": "2019-01-14 14:08:00"}
