{"customer_id": "C16", "basket": [{"product_id": "P40", "price": 1623}, {"product_id": "P36", "price": 543}, {"product_id": "P36", "price": 761}], "date_of_purchase": "2019-02-22 05:56:00"}
{"customer_id": "C21", "basket": [{"product_id": "P36", "price": 1275}, {"product_id": "P39", "price": 733}], "date_of_purchase": "2019-02-22 16:37:00"}
{"customer_id": "C22", "basket": [{"product_id": "P33", "price": 437}, {"product_id": "P25", "price": 1054}], "date_of_purchase": "2019-02-22 23:02:00"}
{"customer_id": "C23", "basket": [{"product_id": "P03", "price": 658}], "date_of_purchase": "2019-02-22 12:19:00"}
{"customer_id": "C24", "basket": [{"product_id": "P40", "price": 1049}, {"product_id": "P40", "price": 813}], "date_of_purchase": "2019-02-22 06:01:00"}
{"customer_id": "C26", "basket": [{"product_id": "P57", "price": 1517}], "date_of_purchase": "2019-02-22 09:08:00"}
{"customer_id": "C28", "basket": [{"product_id": "P22", "price": 1945}, {"product_id": "P31", "price": 677}, {"product_id": "P29", "price": 673}], "date_of_purchase": "2019-02-22 11:51:00"}
{"customer_id": "C29", "basket": [{"product_id": "P61", "price": 4}, {"product_id": "P63", "price": 799}], "date_of_purchase": "2019-02-22 09:32:00"}
{"customer_id": "C30", "basket": [{"product_id": "P40", "price": 997}, {"product_id": "P37", "price": 1145}, {"product_id": "P36", "price": 1539}], "date_of_purchase": "2019-02-22 13:25:00"}
{"customer_id": "C32", "basket": [{"product_id": "P62", "price": 46}, {"product_id": "P62", "price": 49}], "date_of_purchase": "2019-02-22 04:16:00"}
{"customer_id": "C39", "basket": [{"product_id": "P64", "price": 1118}, {"product_id": "P64", "price": 1164}], "date_of_purchase": "2019-02-22 09:02:00"}
{"customer_id": "C45", "basket": [{"product_id": "P44", "price": 821}, {"product_id": "P50", "price": 905}], "date_of_purchase": "2019-02-22 07:50:00"}
{"customer_id": "C48", "basket": [{"product_id": "P27", "price": 653}], "date_of_purchase": "2019-02-22 04:02:00"}
{"customer_id": "C49", "basket": [{"product_id": "P39", "price": 1724}], "date_of_purchase": "2019-02-22 10:18:00"}
{"customer_id": "C66", "basket": [{"product_id": "P36", "price": 1774}, {"product_id": "P36", "price": 949}, {"product_id": "P38", "price": 228}], "date_of_purchase": "2019-02-22 03:13:00"}
{"customer_id": "C76", "basket": [{"product_id": "P27", "price": 1567}], "date_of_purchase": "2019-02-22 03:35:00"}
{"customer_id": "C115", "basket": [{"product_id": "P03", "price": 1476}, {"product_id": "P11", "price": 993}, {"product_id": "P07", "price": 1714}], "date_of_purchase": "2019-02-22 07:39:00"}
{"customer_id": "C116", "basket": [{"product_id": "P35", "price": 581}], "date_of_purchase": "2019-02-22 06:09:00"}
{"customer_id": "C119", "basket": [{"product_id": "P36", "price": 435}, {"product_id": "P39", "price": 1081}, {"product_id": "P40", "price": 391}], "date_of_purchase": "2019-02-22 15:06:00"}
{"customer_id": "C131", "basket": [{"product_id": "P63", "price": 1327}, {"product_id": "P64", "price": 1451}], "date_of_purchase": "2019-02-22 15:59:00"}
