{"customer_id": "C2", "basket": [{"product_id": "P21", "price": 418}], "date_of_purchase": "2018-12-31 12:02:00"}
{"customer_id": "C6", "basket": [{"product_id": "P61", "price": 73}, {"product_id": "P61", "price": 1227}], "date_of_purchase": "2018-12-31 05:48:00"}
{"customer_id": "C7", "basket": [{"product_id": "P49", "price": 798}, {"product_id": "P45", "price": 914}, {"product_id": "P46", "price": 1856}], "date_of_purchase": "2018-12-31 19:26:00"}
{"customer_id": "C12", "basket": [{"product_id": "P20", "price": 1090}, {"product_id": "P17", "price": 903}], "date_of_purchase": "2018-12-31 03:59:00"}
{"customer_id": "C20", "basket": [{"product_id": "P29", "price": 692}, {"product_id": "P23", "price": 918}], "date_of_purchase": "2018-12-31 21:28:00"}
{"customer_id": "C25", "basket": [{"product_id": "P63", "price": 817}, {"product_id": "P61", "price": 1275}], "date_of_purchase": "2018-12-31 14:18:00"}
{"customer_id": "C37", "basket": [{"product_id": "P38", "price": 1601}], "date_of_purchase": "2018-12-31 05:33:00"}
{"customer_id": "C38", "basket": [{"product_id": "P40", "price": 1620}], "date_of_purchase": "2018-12-31 02:50:00"}
{"customer_id": "C49", "basket": [{"product_id": "P10", "price": 764}, {"product_id": "P04", "price": 1903}], "date_of_purchase": "2018-12-31 10:53:00"}
{"customer_id": "C51", "basket": [{"product_id": "P62", "price": 85}, {"product_id": "P63", "price": 1787}], "date_of_purchase": "2018-12-31 19:43:00"}
{"customer_id": "C55", "basket": [{"product_id": "P50", "price": 1661}], "date_of_purchase": "2018-12-31 10:51:00"}
{"customer_id": "C58", "basket": [{"product_id": "P64", "price": 3}, {"product_id": "P64", "price": 212}], "date_of_purchase": "2018-12-31 20:05:00"}
{"customer_id": "C63", "basket": [{"product_id": "P60", "price": 158}, {"product_id": "P51", "price": 1706}], "date_of_purchase": "2018-12-31 10:43:00"}
{"customer_id": "C85", "basket": [{"product_id": "P46", "price": 109}, {"product_id": "P48", "price": 359}, {"product_id": "P55", "price": 90}], "date_of_purchase": "2018-12-31 03:20:00"}
{"customer_id": "C91", "basket": [{"product_id": "P62", "price": 145}, {"product_id": "P62", "price": 1859}, {"product_id": "P62", "price": 1415}], "date_of_purchase": "2018-12-31 11:00:00"}
{"customer_id": "C92", "basket": [{"product_id": "P23", "price": 633}], "date_of_purchase": "2018-12-31 07:29:00"}
{"customer_id": "C95", "basket": [{"product_id": "P13", "price": 415}, {"product_id": "P21", "price": 1471}], "date_of_purchase": "2018-12-31 07:49:00"}
{"customer_id": "C96", "basket": [{"product_id": "P38", "price": 843}, {"product_id": "P36", "price": 111}, {"product_id": "P37", "price": 1403}], "date_of_purchase": "2018-12-31 04:26:00"}
{"customer_id": "C97", "basket": [{"product_id": "P05", "price": 711}], "date_of_purchase": "2018-12-31 12:58:00"}
{"customer_id": "C101", "basket": [{"product_id": "P39", "price": 1801}], "date_of_purchase": "2018-12-31 17:27:00"}
{"customer_id": "C102", "basket": [{"product_id": "P32", "price": 1258}, {"product_id": "P33", "price": 663}, {"product_id": "P24", "price": 797}], "date_of_purchase": "2018-12-31 12:15:00"}
{"customer_id": "C109", "basket": [{"product_id": "P10", "price": 342}, {"product_id": "P01", "price": 562}, {"product_id": "P07", "price": 404}], "date_of_purchase": "2018-12-31 18:20:00"}
{"customer_id": "C111", "basket": [{"product_id": "P36", "price": 1279}, {"product_id": "P36", "price": 1163}, {"product_id": "P35", "price": 679}], "date_of_purchase": "2018-12-31 12:01:00"}
{"customer_id": "C120", "basket": [{"product_id": "P32", "price": 1022}, {"product_id": "P33", "price": 21}], "date_of_purchase": "2018-12-31 05:48:00"}
