{"customer_id": "C5", "basket": [{"product_id": "P30", "price": 1111}, {"product_id": "P28", "price": 1177}], "date_of_purchase": "2018-12-06 21:57:00"}
{"customer_id": "C7", "basket": [{"product_id": "P55", "price": 1284}, {"product_id": "P53", "price": 1079}], "date_of_purchase": "2018-12-06 21:03:00"}
{"customer_id": "C9", "basket": [{"product_id": "P02", "price": 589}, {"product_id": "P10", "price": 1329}], "date_of_purchase": "2018-12-06 14:15:00"}
{"customer_id": "C11", "basket": [{"product_id": "P25", "price": 750}, {"product_id": "P25", "price": 1032}, {"product_id": "P34", "price": 718}], "date_of_purchase": "2018-12-06 03:18:00"}
{"customer_id": "C13", "basket": [{"product_id": "P64", "price": 1476}], "date_of_purchase": "2018-12-06 17:52:00"}
{"customer_id": "C32", "basket": [{"product_id": "P63", "price": 1514}], "date_of_purchase": "2018-12-06 12:14:00"}
{"customer_id": "C36", "basket": [{"product_id": "P43", "price": 1684}], "date_of_purchase": "2018-12-06 20:15:00"}
{"customer_id": "C41", "basket": [{"product_id": "P51", "price": 1460}, {"product_id": "P48", "price": 202}], "date_of_purchase": "2018-12-06 09:36:00"}
{"customer_id": "C47", "basket": [{"product_id": "P25", "price": 903}], "date_of_purchase": "2018-12-06 14:39:00"}
{"customer_id": "C53", "basket": [{"product_id": "P07", "price": 1004}], "date_of_purchase": "2018-12-06 13:18:00"}
{"customer_id": "C58", "basket": [{"product_id": "P62", "price": 1554}, {"product_id": "P64", "price": 407}, {"product_id": "P63", "price": 1848}], "date_of_purchase": "2018-12-06 16:08:00"}
{"customer_id": "C81", "basket": [{"product_id": "P23", "price": 731}], "date_of_purchase": "2018-12-06 11:14:00"}
{"customer_id": "C90", "basket": [{"product_id": "P32", "price": 379}, {"product_id": "P22", "price": 743}], "date_of_purchase": "2018-12-06 09:45:00"}
{"customer_id": "C91", "basket": [{"product_id": "P27", "price": 1936}], "date_of_purchase": "2018-12-06 20:54:00"}
{"customer_id": "C98", "basket": [{"product_id": "P64", "price": 1530}, {"product_id": "P63", "price": 1370}], "date_of_purchase": "2018-12-06 14:04:00"}
{"customer_id": "C104", "basket": [{"product_id": "P37", "price": 104}], "date_of_purchase": "2018-12-06 20:15:00"}
{"customer_id": "C106", "basket": [{"product_id": "P06", "price": 732}, {"product_id": "P10", "price": 1183}], "date_of_purchase": "2018-12-06 08:01:00"}
{"customer_id": "C109", "basket": [{"product_id": "P02", "price": 1064}, {"product_id": "P07", "price": 122}, {"product_id": "P05", "price": 1576}], "date_of_purchase": "2018-12-06 04:29:00"}
{"customer_id": "C113", "basket": [{"product_id": "P61", "price": 1175}, {"product_id": "P61", "price": 1577}], "date_of_purchase": "2018-12-06 04:49:00"}
{"customer_id": "C114", "basket": [{"product_id": "P33", "price": 631}, {"product_id": "P34", "price": 61}], "date_of_purchase": "2018-12-06 13:55:00"}
{"customer_id": "C117", "basket": [{"product_id": "P06", "price": 304}], "date_of_purchase": "2018-12-06 12:41:00"}
{"customer_id": "C123", "basket": [{"product_id": "P29", "price": 1003}], "date_of_purchase": "2018-12-06 20:02:00"}
{"customer_id": "C126", "basket": [{"product_id": "P51", "price": 40}, {"product_id": "P59", "price": 1069}], "date_of_purchase": "2018-12-06 12:12:00"}
{"customer_id": "C135", "basket": [{"product_id": "P44", "price": 772}], "date_of_purchase": "2018-12-06 14:07:00"}
{"customer_id": "C137", "basket": [{"product_id": "P64", "price": 1865}], "date_of_purchase": "2018-12-06 17:14:00"}
