{"customer_id":"C2","loyalty_score":"4","product_id":"P35","product_category":"sweets","purchase_count":1}
{"customer_id":"C8","loyalty_score":"7","product_id":"P03","product_category":"house","purchase_count":1}
{"customer_id":"C8","loyalty_score":"7","product_id":"P12","product_category":"house","purchase_count":1}
{"customer_id":"C5","loyalty_score":"7","product_id":"P24","product_category":"fruit_veg","purchase_count":1}
{"customer_id":"C5","loyalty_score":"7","product_id":"P23","product_category":"fruit_veg","purchase_count":1}
{"customer_id":"C9","loyalty_score":"8","product_id":"P35","product_category":"sweets","purchase_count":1}
{"customer_id":"C15","loyalty_score":"6","product_id":"P26","product_category":"fruit_veg","purchase_count":1}
{"customer_id":"C9","loyalty_score":"8","product_id":"P40","product_category":"sweets","purchase_count":1}
{"customer_id":"C9","loyalty_score":"8","product_id":"P63","product_category":"bws","purchase_count":2}
{"customer_id":"C16","loyalty_score":"5","product_id":"P36","product_category":"sweets","purchase_count":2}
{"customer_id":"C16","loyalty_score":"5","product_id":"P40","product_category":"sweets","purchase_count":1}
