{"customer_id": "C3", "basket": [{"product_id": "P01", "price": 1587}, {"product_id": "P02", "price": 891}], "date_of_purchase": "2018-12-03 22:51:00"}
{"customer_id": "C12", "basket": [{"product_id": "P17", "price": 977}, {"product_id": "P20", "price": 184}, {"product_id": "P21", "price": 1475}], "date_of_purchase": "2018-12-03 02:54:00"}
{"customer_id": "C23", "basket": [{"product_id": "P39", "price": 1730}, {"product_id": "P37", "price": 1265}, {"product_id": "P40", "price": 1364}], "date_of_purchase": "2018-12-03 23:52:00"}
{"customer_id": "C28", "basket": [{"product_id": "P34", "price": 1300}, {"product_id": "P31", "price": 203}, {"product_id": "P30", "price": 308}], "date_of_purchase": "2018-12-03 19:21:00"}
{"customer_id": "C34", "basket": [{"product_id": "P57", "price": 1575}, {"product_id": "P50", "price": 745}, {"product_id": "P60", "price": 693}], "date_of_purchase": "2018-12-03 09:59:00"}
{"customer_id": "C44", "basket": [{"product_id": "P36", "price": 1657}, {"product_id": "P36", "price": 1842}, {"product_id": "P37", "price": 928}], "date_of_purchase": "2018-12-03 19:05:00"}
{"customer_id": "C52", "basket": [{"product_id": "P28", "price": 1616}, {"product_id": "P30", "price": 972}], "date_of_purchase": "2018-12-03 19:16:00"}
{"customer_id": "C58", "basket": [{"product_id": "P01", "price": 736}, {"product_id": "P03", "price": 876}, {"product_id": "P02", "price": 151}], "date_of_purchase": "2018-12-03 12:25:00"}
{"customer_id": "C65", "basket": [{"product_id": "P40", "price": 872}], "date_of_purchase": "2018-12-03 17:45:00"}
{"customer_id": "C71", "basket": [{"product_id": "P37", "price": 1613}], "date_of_purchase": "2018-12-03 03:13:00"}
{"customer_id": "C84", "basket": [{"product_id": "P36", "price": 1851}], "date_of_purchase": "2018-12-03 16:43:00"}
{"customer_id": "C85", "basket": [{"product_id": "P35", "price": 1823}, {"product_id": "P38", "price": 1615}, {"product_id": "P35", "price": 1120}], "date_of_purchase": "2018-12-03 02:55:00"}
{"customer_id": "C116", "basket": [{"product_id": "P11", "price": 670}, {"product_id": "P04", "price": 1813}, {"product_id": "P12", "price": 1895}], "date_of_purchase": "2018-12-03 10:54:00"}
{"customer_id": "C121", "basket": [{"product_id": "P39", "price": 429}, {"product_id": "P39", "price": 1466}, {"product_id": "P37", "price": 1837}], "date_of_purchase": "2018-12-03 20:44:00"}
{"customer_id": "C122", "basket": [{"product_id": "P22", "price": 442}, {"product_id": "P24", "price": 369}], "date_of_purchase": "2018-12-03 09:12:00"}
{"customer_id": "C125", "basket": [{"product_id": "P27", "price": 1733}, {"product_id": "P25", "price": 175}, {"product_id": "P30", "price": 1613}], "date_of_purchase": "2018-12-03 04:43:00"}
{"customer_id": "C126", "basket": [{"product_id": "P57", "price": 461}, {"product_id": "P49", "price": 1417}], "date_of_purchase": "2018-12-03 09:31:00"}
{"customer_id": "C127", "basket": [{"product_id": "P31", "price": 1138}], "date_of_purchase": "2018-12-03 02:56:00"}
{"customer_id": "C130", "basket": [{"product_id": "P35", "price": 1038}], "date_of_purchase": "2018-12-03 21:03:00"}
