{"customer_id": "C6", "basket": [{"product_id": "P40", "price": 255}, {"product_id": "P38", "price": 1392}], "date_of_purchase": "2019-02-26 04:31:00"}
{"customer_id": "C7", "basket": [{"product_id": "P41", "price": 442}, {"product_id": "P43", "price": 546}, {"product_id": "P48", "price": 1509}], "date_of_purchase": "2019-02-26 07:26:00"}
{"customer_id": "C9", "basket": [{"product_id": "P25", "price": 530}], "date_of_purchase": "2019-02-26 04:22:00"}
{"customer_id": "C22", "basket": [{"product_id": "P25", "price": 589}, {"product_id": "P32", "price": 1670}, {"product_id": "P24", "price": 1243}], "date_of_purchase": "2019-02-26 17:10:00"}
{"customer_id": "C33", "basket": [{"product_id": "P26", "price": 750}, {"product_id": "P22", "price": 192}], "date_of_purchase": "2019-02-26 12:38:00"}
{"customer_id": "C37", "basket": [{"product_id": "P37", "price": 759}, {"product_id": "P36", "price": 434}], "date_of_purchase": "2019-02-26 09:24:00"}
{"customer_id": "C40", "basket": [{"product_id": "P49", "price": 1948}, {"product_id": "P43", "price": 780}], "date_of_purchase": "2019-02-26 17:05:00"}
{"customer_id": "C52", "basket": [{"product_id": "P28", "price": 1747}], "date_of_purchase": "2019-02-26 16:16:00"}
{"customer_id": "C59", "basket": [{"product_id": "P61", "price": 561}, {"product_id": "P62", "price": 1414}, {"product_id": "P64", "price": 1098}], "date_of_purchase": "2019-02-26 12:23:00"}
{"customer_id": "C67", "basket": [{"product_id": "P60", "price": 106}, {"product_id": "P50", "price": 381}, {"product_id": "P49", "price": 1865}], "date_of_purchase": "2019-02-26 14:04:00"}
{"customer_id": "C70", "basket": [{"product_id": "P12", "price": 1324}, {"product_id": "P10", "price": 1648}, {"product_id": "P01", "price": 693}], "date_of_purchase": "2019-02-26 18:06:00"}
{"customer_id": "C80", "basket": [{"product_id": "P39", "price": 734}], "date_of_purchase": "2019-02-26 23:02:00"}
{"customer_id": "C81", "basket": [{"product_id": "P24", "price": 1917}, {"product_id": "P33", "price": 131}, {"product_id": "P25", "price": 575}], "date_of_purchase": "2019-02-26 10:35:00"}
{"customer_id": "C84", "basket": [{"product_id": "P40", "price": 802}, {"product_id": "P35", "price": 1621}, {"product_id": "P39", "price": 1005}], "date_of_purchase": "2019-02-26 07:32:00"}
{"customer_id": "C90", "basket": [{"product_id": "P38", "price": 1891}], "date_of_purchase": "2019-02-26 03:37:00"}
{"customer_id": "C91", "basket": [{"product_id": "P37", "price": 1780}], "date_of_purchase": "2019-02-26 09:42:00"}
{"customer_id": "C100", "basket": [{"product_id": "P02", "price": 572}, {"product_id": "P08", "price": 130}], "date_of_purchase": "2019-02-26 22:00:00"}
{"customer_id": "C117", "basket": [{"product_id": "P11", "price": 157}, {"product_id": "P07", "price": 523}], "date_of_purchase": "2019-02-26 10:11:00"}
{"customer_id": "C119", "basket": [{"product_id": "P42", "price": 435}, {"product_id": "P48", "price": 1111}], "date_of_purchase": "2019-02-26 12:56:00"}
{"customer_id": "C126", "basket": [{"product_id": "P58", "price": 638}, {"product_id": "P59", "price": 1674}], "date_of_purchase": "2019-02-26 20:33:00"}
