{"customer_id":"C1","loyalty_score":"7","product_id":"P02","product_category":"house","purchase_count":1}
{"customer_id":"C2","loyalty_score":"4","product_id":"P38","product_category":"sweets","purchase_count":2}
{"customer_id":"C7","loyalty_score":"3","product_id":"P51","product_category":"food","purchase_count":1}
{"customer_id":"C8","loyalty_score":"7","product_id":"P01","product_category":"house","purchase_count":2}
{"customer_id":"C2","loyalty_score":"4","product_id":"P35","product_category":"sweets","purchase_count":1}
{"customer_id":"C7","loyalty_score":"3","product_id":"P58","product_category":"food","purchase_count":1}
{"customer_id":"C7","loyalty_score":"3","product_id":"P43","product_category":"food","purchase_count":1}
{"customer_id":"C1","loyalty_score":"7","product_id":"P11","product_category":"house","purchase_count":1}
{"customer_id":"C8","loyalty_score":"7","product_id":"P08","product_category":"house","purchase_count":1}
{"customer_id":"C8","loyalty_score":"7","product_id":"P11","product_category":"house","purchase_count":1}
